x,y
0.4967141530112327,0.3182500310480838
-0.13826430117118466,-0.42104727305788714
0.6476885381006925,0.5029571552014237
1.5230298564080254,2.7380981831770104
-0.23415337472333597,-2.361921416400458
-0.23413695694918055,-0.2549802065254225
1.5792128155073915,3.1596311063770073
0.7674347291529088,0.7177808272376269
-0.4694743859349521,-0.27970310343749916
0.5425600435859647,2.0226902247984877
-0.46341769281246226,-2.5343952499938984
-0.46572975357025687,-1.694184285706728
0.24196227156603412,-0.28521780665523
-1.913280244657798,-4.76646359042446
-1.7249178325130328,-2.620360823094317
-0.5622875292409727,-1.318401197254749
-1.0128311203344238,-2.2901770819794582
0.3142473325952739,-1.3753676992162056
-0.9080240755212109,-1.1806301208331953
-1.4123037013352915,-4.0638657975240555
1.465648768921554,2.9912301681094364
-0.22577630048653566,-0.17417566301487963
0.06752820468792384,1.4957150052144987
-1.4247481862134568,-4.158316771546025
-0.5443827245251827,-4.108277604871191
0.11092258970986608,0.405694724173427
-1.1509935774223028,-0.5014759733337519
0.37569801834567196,1.9903423896307813
-0.600638689918805,-0.9916179645629841
-0.2916937497932768,-1.0750236852186008
-0.6017066122293969,-0.3962906278214835
1.8522781845089378,2.731010169313407
-0.013497224737933921,0.44936331988035144
-1.0577109289559004,-1.6099516987451739
0.822544912103189,2.705299731705258
-1.2208436499710222,0.3179727389690332
0.2088635950047554,0.8101431571882778
-1.9596701238797756,-4.4283038734670495
-1.3281860488984305,-2.6819464099888553
0.19686123586912352,-1.3753534331508712
0.7384665799954104,0.7822200289017627
0.1713682811899705,-0.066545875733163
-0.11564828238824053,-0.7553849627110736
-0.3011036955892888,-0.4498525191448556
-1.4785219903674274,-3.7794639131170555
-0.7198442083947086,-0.31865774946494585
-0.4606387709597875,-0.9210704770013779
1.0571222262189157,2.104944131299217
0.3436182895684614,0.35934186262400497
-1.763040155362734,-3.370889626866489
0.324083969394795,1.4732662034572246
-0.38508228041631654,-1.6372947765435333
-0.6769220003059587,-2.011960489687174
0.6116762888408679,0.9196265489050711
1.030999522495951,0.716128121518687
0.9312801191161986,1.0433023785108992
-0.8392175232226385,-2.154655919989936
-0.3092123758512146,0.25596442901029837
0.33126343140356396,0.9250881918090529
0.9755451271223592,2.1446801656122627
-0.47917423784528995,-0.1074505135226077
-0.18565897666381712,-0.5086897417270309
-1.1063349740060282,-1.8222050980831668
-1.1962066240806708,-2.495635001093838
0.812525822394198,1.8904139941880245
1.356240028570823,2.1297213995300637
-0.07201012158033385,-2.582837401437097
1.0035328978920242,1.872786633597744
0.36163602504763415,2.1460201861952086
-0.6451197546051243,-0.36402410696865617
0.36139560550841393,1.6881886956079986
1.5380365664659692,4.312203854738156
-0.03582603910995154,0.017005512741534362
1.5646436558140062,3.326603019033608
-2.6197451040897444,-5.857142103613839
0.8219025043752238,1.3277321527233978
0.08704706823817122,0.789865286247484
-0.29900735046586746,0.6058697362370813
0.0917607765355023,0.04407527739000505
-1.9875689146008928,-4.4253270940531975
-0.21967188783751193,-0.4388158168184266
0.3571125715117464,1.3154318919526076
1.477894044741516,1.5119332733494903
-0.5182702182736474,-3.332721389684533
-0.8084936028931876,-2.167524055277959
-0.5017570435845365,-2.2242265130832317
0.9154021177020741,1.3226640377568373
0.32875110965968446,0.5097219005018974
-0.5297602037670388,-1.512768816557091
0.5132674331133561,2.479002400697458
0.09707754934804039,0.5208998632984008
0.9686449905328892,2.237764340676607
-0.7020530938773524,-0.7818990437113028
-0.3276621465977682,-1.7941574109763057
-0.39210815313215763,0.2548954811559534
-1.4635149481321186,-3.002794182799697
0.29612027706457605,1.2627211713703645
0.26105527217988933,-0.5497466886803768
0.00511345664246089,-1.5435318527311426
-0.23458713337514692,0.34871539127473483
-1.4153707420504142,-2.454331958003312
-0.42064532276535904,-1.7433421998882284
-0.3427145165267695,-1.5550921143282332
-0.8022772692216189,-0.4791197540284684
-0.16128571166600914,-1.5119833161993461
0.4040508568145384,2.45077466688504
1.8861859012105302,2.8717510677731917
0.17457781283183896,0.9875475512720608
0.25755039072276437,0.18648230569654412
-0.07444591576616721,0.45429559955000864
-1.9187712152990415,-4.381656432712275
-0.026513875449216878,-0.21582065697072797
0.06023020994102644,0.161379595277774
2.463242112485286,3.9242967691890995
-0.19236096478112252,0.3561024158578808
0.30154734233361247,0.08988111819563971
-0.03471176970524331,-0.2980234547505052
-1.168678037619532,-3.3317054498475764
1.1428228145150205,-0.2766880297652694
0.7519330326867741,1.3128383027733792
0.7910319470430469,3.9946793156990097
-0.9093874547947389,-1.034170621691454
1.4027943109360992,2.7863282421378037
-1.4018510627922809,-3.0665929547928297
0.5868570938002703,1.196180080412587
2.1904556258099785,4.928030366795167
-0.9905363251306883,-3.1618854655702213
-0.5662977296027719,-0.018273764536671733
0.09965136508764122,0.9146840456165265
-0.5034756541161992,-0.28876558252446394
-1.5506634310661327,-2.6628511233225383
0.06856297480602733,0.15674260730604456
-1.0623037137261049,-1.4517461914853897
0.4735924306351816,1.5389989950117413
-0.9194242342338032,-2.1928891794086303
1.5499344050175394,2.5262670371381777
-0.7832532923362371,-1.4646502894104874
-0.3220615162056756,0.9048971190838362
0.8135172173696698,0.38792735908543863
-1.2308643164339552,-3.9292538986203507
0.22745993460412942,0.6196807104447756
1.307142754282428,2.6651732104208743
-1.6074832345612275,-3.041624804752047
0.1846338585323042,0.6132209149731087
0.25988279424842353,0.2965633338620419
0.7818228717773104,3.053509182156703
-1.236950710878082,-4.0748054002326795
-1.3204566130842763,-3.4694102509487985
0.5219415656168976,0.9406283710847478
0.29698467323318606,-1.0492194646877953
0.25049285034587654,0.3251312962596819
0.3464482094969757,2.3543665847219697
-0.6800247215784908,-1.3391629548610198
0.23225369716100355,0.6952083000406906
0.29307247329868125,-0.6740198185752178
-0.7143514180263678,-2.045064244092213
1.8657745111447566,3.356352641965576
0.4738329209117875,0.629950745067341
-1.1913034972026486,-1.1009631994015285
0.6565536086338297,1.870798277992784
-0.9746816702273214,-3.0608212973916746
0.787084603742452,1.820673985916909
1.158595579007404,2.815412906511593
-0.8206823183517105,-0.5012155981821544
0.9633761292443218,3.507292945057017
0.4127809269364983,-0.189532337954872
0.82206015999449,0.8332628087786418
1.8967929826539474,2.5360081063932784
-0.2453881160028705,-0.7247960911127224
-0.7537361643574896,-1.0411139542686447
-0.8895144296255233,-0.7916943426619447
-0.8158102849654383,-1.7075715935733993
-0.0771017094141042,-0.4740509420830523
0.3411519748166439,0.8340619418820281
0.27669079933001905,-0.2817613029699849
0.8271832490360238,3.743905219766821
0.01300189187790702,-1.5816572433622447
1.4535340771573169,3.091808733210358
-0.2646568332379561,1.4942925527537272
2.720169166589619,5.447138177739236
0.6256673477650062,1.061295660528518
-0.8571575564162826,-2.0717605356429925
-1.0708924980611123,-2.3221766778846327
0.4824724152431853,2.3377933051629007
-0.2234627853258509,-2.6587874819812085
0.714000494092092,2.9614346894805097
0.47323762457354485,-0.4774819033030554
-0.07282891265687277,-0.41231015454816033
-0.846793718068405,-2.1228318564354716
-1.5148472246858646,-2.4411411796010096
-0.4465149520670211,-2.49115425601779
0.8563987943234723,2.1749702547288874
0.21409374413020396,2.4524971115472605
-1.245738778711988,-3.8546515620167865
0.173180925851182,0.5360680193127596
0.3853173797288368,0.1086525816610645
-0.883857436201133,-1.3418276662092303
0.1537251059455279,0.3265979893068079
0.058208718445999896,-0.5250694721523098
-1.142970297830623,-1.7980683107901723
0.3577873603482833,2.51992283048331
0.5607845263682344,0.9306652610091701
1.083051243175277,2.885860428498736
1.053802052034903,0.8143311461986422
-1.377669367957091,-3.711775112732191
-0.9378250399151228,-1.403243801949868
0.5150352672086598,2.5141865629532845
0.5137859509122088,1.3831852506100777
0.5150476863060479,0.7170373420889415
3.852731490654721,7.704754386732796
0.570890510693167,-0.10862671258338352
1.135565640180599,2.8756466067165647
0.9540017634932023,2.7903365893098138
0.651391251305798,0.8506921697785157
-0.3152692446403456,-1.1005806370401927
0.7589692204932674,1.7838166706385834
-0.7728252145375718,-1.982370165115739
-0.23681860674000887,-0.5397698281058402
-0.48536354782910346,1.1289946935083086
0.08187413938632256,-0.08327742197335156
2.3146585666735087,4.270976981325795
-1.867265192591748,-4.382072190818655
0.6862601903745135,2.116712352248964
-1.6127158711896517,-3.406655915597406
-0.47193186578943347,-1.593236769900293
1.088950596967366,3.499205226207744
0.06428001909546277,1.5481630427045627
-1.0777447779293061,-2.7559131215973176
-0.7153037092599682,-3.2971473698805527
0.6795977489346758,2.366709187706274
-0.7303666317171367,-2.1453630891942774
0.21645858958197486,1.2235427783267183
0.045571839903813784,-1.878960137904208
-0.6516003476058171,-0.41060335691232497
2.1439440893253257,3.07671624936987
0.6339190223180112,1.998602163702547
-2.025142586657607,-4.03601210547878
0.18645431476942764,-0.5810307898577896
-0.661786464768388,-1.7306092424635564
0.852433334796224,2.3911851265491486
-0.7925207384327007,-1.4791470237501672
-0.11473644146689901,0.3549400975386862
0.5049872789804571,2.9864151424763996
0.8657551941701215,0.1672687766291916
-1.2002964070557762,-0.7833802391429285
-0.3345012358409484,-0.5646465341586838
-0.4749453111609562,-1.8486746706450405
-0.6533292325737119,-2.6369720908864136
1.7654542402810969,3.3417880897851604
0.40498171096095553,1.7316135338463705
-1.2608839543350452,-2.6493170290476247
0.9178619470547761,3.3468788243568994
2.1221561970126332,2.7931367039737074
1.0324652605511468,2.0528415732562393
-1.5193699659540134,-4.291133376321146
-0.48423407286625136,-0.6048362631075348
1.2669111491866227,3.420709688470546
-0.7076694656187807,-1.8361007249186148
0.44381942814622843,-1.7165750003346774
0.7746340534293368,1.7482162536551682
-0.926930471578083,-1.4171223914226565
-0.05952535606180008,0.28524404283809746
-3.2412673400690726,-5.246752488315991
-1.0243876413342898,-3.1198289623176283
-0.2525681513931603,0.17507980266412881
-1.2477831819648495,-1.303058851451724
1.6324113039316352,1.4862350238567537
-1.4301413779606327,-2.5406309300022882
-0.44004448669698376,-1.3842688044016391
0.13074057728609134,0.17995848147053678
1.4412732890661155,3.2302230616705674
-1.4358621511794394,-3.358952866472431
1.1631637521549596,1.6506194251483075
0.010233061019587049,0.054618539527198695
-0.9815086510479509,-3.0502632409587047
0.46210347426327075,-0.16161818035864395
0.19905969557347003,1.0774926741034434
-0.6002168771587947,-2.349227789476245
0.06980208499001891,0.8059166708892498
-0.3853135968617602,-0.3080359008695692
0.11351734525124804,-1.4987720382881007
0.6621306745210467,0.6466966967064383
1.586016816145352,4.366143035338077
-1.237815498826849,-3.4567965287933795
2.1330333746562666,3.8016624870031457
-1.9520877995225019,-3.442114705793107
-0.15178509503558332,0.4798203192114288
0.5883172064845765,0.9250955269246574
0.28099186773503265,-0.03552645922157627
-0.6226995198205938,0.17697082205732007
-0.20812225035727522,1.3226551630830286
-0.4930009346588328,-0.0071438185358702055
-0.5893647569442115,-1.093411371323399
0.8496020970210246,0.8909384724011229
0.35701548596504734,-0.11641343462647058
-0.6929095952606542,-0.8633050852555509
0.8995998754332507,2.2175979717551852
0.30729952087660933,2.016197634699648
0.8128621188389601,2.2761743302140593
0.6296288419236122,-0.24382261791259352
-0.8289950109220723,-0.606042404121226
-0.5601810401969696,-2.118422707708352
0.7472936051232618,1.110615938294172
0.6103702654334648,1.470940737118624
-0.020901593964148132,1.953864301855668
0.117327383308782,3.344573322622925
1.277664895788425,3.1620528507130325
-0.5915713888358299,-1.3663393963920478
0.5470973811700379,1.6287004108206262
-0.20219265243389406,0.48327012100604794
-0.2176812032272203,-0.7560300320116322
1.09877685198719,3.992765059886702
0.8254163489880298,1.8809034571674617
0.8135096360006385,2.1247623610926714
1.305478807154329,3.2768818663631194
0.02100384163275905,0.46359429387997375
0.6819529712949639,2.2028464430595402
-0.31026675659345604,-1.2377866997338351
0.3241663524884421,0.09003095103085368
-0.13014305436768459,-1.360440341707064
0.09699596499271819,0.6334931606056627
0.5951570254369136,1.9692505543859413
-0.8182206832334725,-1.1786685003150592
2.0923872756854602,5.859266984718458
-1.006017381499702,-2.0176307818284505
-1.2141886127877322,-1.7596355699829518
1.1581108735000678,1.2245208708608213
0.7916626939629359,1.1962256854514708
0.6241198170521551,1.9437773916700878
0.6283455092642799,2.105793129271704
-0.012246772846914623,-0.31846049335801146
-0.8972543714858315,-1.8661079948297299
0.07580455819372633,-1.3662646302933568
-0.6771617115121117,-1.7113526238308328
0.9751197334177512,2.8406226303552886
-0.14705738150213865,0.28109025310228897
-0.8254971967925115,-1.1503286722038135
-0.32138584165299344,-0.5929979961250268
0.41293145427562433,0.8329260671794251
-0.5637245528039747,-1.7877702450813966
-0.8222203955664315,-0.9456123709303281
0.2436872114919123,0.9083473673732144
0.24496657110872277,0.9819519902102448
-0.5069431753711298,-1.5399211934098398
-0.4710383056183228,-3.09541953110789
0.2320499373576363,1.5612525864689681
-1.4480843414973241,-3.3750061390030526
-1.4074637743765552,-3.677703312796231
-0.718444221252436,-0.7434095305908783
-0.21344715171184725,-0.8189069433428241
0.3109075655980046,1.681751515242631
1.475356216949552,3.5677183834758015
0.8576596232020194,2.3988885696045164
-0.1599385299634271,-1.6858327711273886
-0.01901620790268883,1.1739115695810227
-1.0025293646378088,-1.7438081980417617
-0.01851313599238993,-0.406303411230983
-0.2886586389201383,-0.43392881049802556
0.3227185603380895,-1.1307981122221409
-0.827230943552323,-1.245809075623975
0.5193465142411723,0.009321520300273
1.5327389130025777,1.712807540161621
-0.1087601484568576,-1.7398794831316062
0.40171172209894146,1.9161118191878082
0.6901439917111125,0.7510245897294363
-0.40122047188583626,0.7312867661448267
0.22409248181041677,-0.08761649943146427
0.01259240078179486,-1.682173156029357
0.09767609854883172,-0.9211722428509956
-0.7730097838554665,-0.3102079477039943
0.024510174258942714,-0.1068778294187821
0.49799829124544975,0.4477092860002986
1.4511436077950417,3.062305441442871
0.9592708260852069,2.4203243883379586
2.1531824575115563,5.4237637309255735
-0.7673475628880495,-0.08619589588317278
0.8723206367206782,1.3848726276522707
0.18334200573835174,-0.9593636746053348
2.1898029332176723,3.9661407053120685
-0.8082982853551515,-1.3563160641274168
-0.8397218421807761,-2.643202610572163
-0.5993926454440222,-2.155936205783087
-2.123895724309807,-3.9040035670697284
-0.525755021680761,-1.1001623949319732
-0.759132661553698,-1.4854683276958094
0.15039378647620763,-0.4577077617476542
0.34175597577715944,0.4531112373485515
1.8761708392158862,2.828108534163468
0.9504238381860503,2.791046087496887
-0.5769036556624031,-0.1185579766010536
-0.898414671348358,-3.64301720493481
0.4919191715065057,0.0543274828206014
-1.3202332070206422,-4.136995669131363
1.8314587658543537,3.0128935973018094
1.179440120721287,2.275442271652213
-0.4691756521047048,-2.3879965239079395
-1.7131345290908775,-4.348128871307068
1.3538723741654128,1.7037873762493272
-0.11453984525261789,-0.02181236110629181
1.2378163119734618,2.544976960983174
-1.594427658794367,-3.9105928709259876
-0.5993750229537729,-1.0219291737681477
0.005243699718183166,-0.536192685150899
0.046980593764742055,-0.17769392279656915
-0.45006547147924364,0.7733211473400498
0.6228499323474987,2.5861609164853454
-1.0676204293825944,-3.4348220956927866
-0.1423794850212935,0.5449734478365875
0.12029563171189886,1.0519878179153899
0.514438834058749,-0.11938562063512026
0.7116148780888898,2.24200739993264
-1.1246420918378692,-0.7113522652631856
-1.5341141707356223,-4.1907731477156585
1.277676821898509,1.6378508227827546
0.33231401197959165,1.6822894908026857
-0.7484865365565536,-1.2254777622874593
1.551151975522523,3.653780226284569
0.11567463429285867,0.5719384849862141
1.1792971840638264,2.749290289055797
0.06751848141010895,-1.191435165490865
2.060747924881987,5.168813556385422
1.7553408424432044,4.680271677314183
-0.2489641484790735,-0.7273190410261747
0.9715709509543554,1.8996649520948483
0.6453759495851475,-0.24035560338542705
1.3686315575323487,3.251517871082532
-0.9649234605801045,-1.357789479446065
0.6860514599984393,1.3099119029975677
1.0584244868495878,3.241202333569678
-1.7587394864231143,-3.8515562038261693
-1.183258512665775,-1.80191109943795
-2.0392321777601006,-5.098128694212317
-0.26940683444455776,-0.5623658197633536
0.7175422557959623,1.2607302536890888
1.502357052096028,3.230022026232998
0.07409478041977519,-0.2213373679938082
1.6286155455712918,3.125758495470916
-1.3801014582148914,-1.9341557449882765
-1.7033824393551547,-3.8435291159485265
-0.05554769889661878,-1.717672498531917
0.3840654489393073,2.5177148020840354
-0.03269474809409311,1.3160645825023003
-2.0674421000398766,-5.427146895185372
-0.08912003951278841,0.5114677262196176
-1.3044695005048532,-3.1119137715610496
0.6696725488300385,1.6028323129911364
0.36659824609684827,1.0274206212071904
-0.9398797863273552,-2.1141673729710324
-0.5138669173366935,-1.8114995002597836
-1.0592135218889516,-2.8089680960941625
-0.06267909727317188,-1.0415501100275861
0.9551423205012383,1.0784624327720318
-0.9857260463355437,-2.038630382720443
0.5040465155178444,0.29233304192493703
-0.5302576183724408,-0.3784631710322617
-0.7928728322623442,-0.09849950918876105
-0.10703035995455783,-0.7941139612791587
-1.035242322419374,-1.831080144303371
-0.553649305347182,-0.6076135003914303
-1.1978778925888485,-1.9237535142584226
1.9647251329163893,4.005405533748866
0.03526355197172861,0.8132095223031796
-0.6997255079925856,-0.9172020633045139
0.213979910734222,-0.8097026008588538
-0.11232804969082982,0.6444999650076135
-0.22096959953322298,0.4453516382002961
0.6141667000434252,0.4650472959082689
0.7575077100473051,1.5529532555422123
-0.5305011476105275,-0.37767330240998553
-0.57581824064468,-1.3609503008687216
-0.275051697151644,0.5228746534627238
-2.301921164735585,-2.239969834851809
-1.5151910621985523,-3.8163681570320866
1.3668742674445247,1.3527039317352745
1.6449677135012837,3.593754022607443
-0.24903603955637832,0.22349042601338687
0.5765569630557664,0.9222475522667639
0.3112501545435361,2.0757609724081068
3.0788808084552377,4.819155817187227
1.1195749114345768,2.9320684459007644
-0.12791759148076653,-0.8616960037204264
-0.9555404406004258,-0.19170297499355482
-1.6064463202575725,-1.2203772873470267
0.2034636358672231,-0.3597293160489017
-0.7563507452843033,-2.062258626477187
-1.4222537095976742,-1.9849195322155464
-0.6465728842425266,-1.6802764182745678
-1.081548003614395,-2.208507225161028
1.6871416350725648,3.3996716906875397
0.8816397569494505,-0.1563936422987553
-0.007972641316617372,-0.029783028727471995
1.4799441388900259,2.2701605037158776
0.0773683076476183,-0.3383862071045354
-0.8612842013282637,-0.2789363991877132
1.5231240772696573,1.7897412602600582
0.5389100436846587,1.8910252741172946
-1.0372461543264564,-2.353455238984721
-0.1903386780836082,-0.6604375246630507
-0.8756182533847572,-0.960864610717803
-1.382799730964336,-2.4255481673597816
0.9261775475316414,2.422968092282814
1.9094166404701305,4.787017941473122
-1.3985675738191412,-3.128443530821605
0.5629692366905709,0.5137017388733914
-0.6506425691218269,-2.3864356648014518
-0.48712538376469605,-1.7996612975083472
-0.5923939242388692,1.764306576830987
-0.863990769679816,-0.4833019586228453
0.04852162794482699,-1.2540311103183674
-0.8309501164110378,-2.9843581895656457
0.2704568257798388,1.022779713278169
-0.05023810944913695,0.44678857847969305
-0.23894804686640975,0.0709877415845449
-0.9075636620415979,-2.0700831176368935
-0.5767713305683327,-1.2789969211395658
0.755391225825756,1.8386619758108695
0.5009171876243808,1.0877273815420918
-0.977555244798551,-4.174410862344637
0.09933230542922587,-0.03113501971674207
0.751387123371789,0.6513678124832645
-1.6694052811213718,-3.1635991433342316
0.543360192379935,4.07197938736328
-0.6626237589458467,-0.957765852417389
0.5705986685931593,0.8276676510139207
-0.7632591565425169,-0.6047168111077815
-1.804882100664519,-3.1270763141198255
-1.6275424378831627,-2.834990385314484
0.048084946661381994,0.7030204865384351
0.25972250172148187,2.575988568272505
-0.9043166251044086,-2.939521685534733
0.6385924587773739,1.7508169943662022
-1.6615200622689599,-4.249421254519458
-0.06607979864731657,0.42335304904761517
-1.2110161997624567,-3.340718911011008
-0.6518361078021592,-1.7210390292094027
0.047398671316414016,-0.2002925716050783
-0.8604133652839524,-0.7450100112231958
-0.38455554422982535,0.14934335548276312
1.0062928092144405,0.7668682419824966
-0.5768918695231487,-1.0988496280464488
0.8356921120651418,0.961804369381111
-1.129706854657618,-3.5179186199905708
0.5298041779152828,0.8425913054061951
1.4415686206579004,2.574654452859981
-2.4716445001272893,-2.5165725139090562
-0.7968952554704768,-1.1608306855802575
0.57707212718054,-0.22347324639315724
-0.2030453860429927,-0.9708647762569276
0.37114587337130883,1.7636750421720162
-0.6039851867158206,0.8804723994382839
0.08658978747289992,-1.4128037372921585
-0.15567723539207948,-2.191278855923204
1.1677820616598074,4.206529298691397
0.2544208433012131,0.8984558639733301
0.3376026620752022,-0.1930874077259621
-0.4118769661224674,-0.28912484612249945
-0.48760622407249354,-3.610960187161865
-0.4325581878196209,-0.8617408690420808
0.39445214237829684,1.116725457599679
-0.42098448082026296,0.08230117789730385
0.2897748568964129,-0.4343462384997119
2.075400798645439,4.236488758694237
0.8711247034316923,0.8168247808037974
-0.32602353216784113,-0.3966633086613652
1.2012139221639448,1.5070815219648654
-0.4080753730215514,-1.2242515852033233
-2.038124535177854,-5.072064465145937
-1.008086310917404,-1.3650363800111511
-1.8707919210258557,-2.883132725395046
-0.35151348404130867,-0.9376475380400311
0.0184183791895517,0.07507475333913174
1.6764373122752827,1.9042832099170213
0.32692737376416264,0.3541780995215382
-0.21910052880886424,-0.48840567465947327
0.8294055811834892,4.279604253396953
-2.211135309007885,-5.534237643789934
0.23561455810856594,1.9354063549695693
0.7708651938869668,2.5385891612397415
-1.4785862457798415,-2.6765360870695467
1.143754043206929,4.046128570608992
0.3384964074944141,1.0490982875956911
-0.4152879139008013,-0.4414166321336738
0.6327818661062848,1.2124430791950243
2.270692857804396,5.764954598027419
0.18186625505849516,1.460201743927874
0.24822058630033608,-0.12923611489554027
-0.4593608995402441,-2.2379689936792557
-0.8498443694647918,-1.9026693763252407
0.8303358165442456,0.8606330686908448
-0.8560838259088672,-1.7756922264330894
0.07156623721939247,1.3805706091229242
-0.4776574467651167,-1.4126165486170232
0.47897982574639186,0.9151362701812088
0.3336621052869483,0.7253469453822918
1.0375399442578992,2.923510770721083
-0.510016398854747,-3.2669221316940993
-0.26987493529337125,-1.1464501653520394
-0.9787637157823074,-1.746243739285142
-0.4442932600761116,0.3114924362746381
0.3773004930448522,0.26269853858349923
0.7569886166453519,-0.3625754727511703
-0.9221653241776254,-1.2246192023891145
0.8696059201056602,1.103849451385691
1.355637858804951,1.5216090585195405
0.41343490322370086,0.20252441673417765
1.876795812558066,3.569066267460282
-0.773789199103573,-2.1523230627453587
-1.244654703311417,-4.694875463721903
-1.7787202489042786,-2.660374300921425
1.496044311489183,4.266963664257088
0.6543656563540577,1.960253304047621
-0.05558467091045507,-1.2488550122457267
0.2799686263198203,0.3584457186921226
-1.1254890472983765,-2.257499409826211
2.4457519796168263,5.490298348795563
0.1292211819752275,0.9267828526685358
0.10939479460489289,-0.51538420956871
0.725766623898692,1.5335288042109443
0.4810092317367132,1.4192988680886676
0.22388402427913137,1.9035903707050292
-0.7904744554453119,-0.8764423710659007
0.4714683571359957,1.7319934016475105
1.8820244964750337,3.8478756208794285
1.3454200461549777,4.101299237513459
1.593186626639397,3.596136049238291
-0.5112156764311852,-1.8835192630359407
-0.9896048202585809,-0.575839670391971
-0.12578692009964815,0.4463294323397313
0.055724912288694604,-0.33159419655109307
1.0941915184709485,1.7088900695426537
-1.6924646297148194,-3.088353714288877
1.5295503194606137,3.522285434188812
-0.15800789857898942,-0.1187235315267724
-0.42688106994742003,-0.5424534664519551
-1.0121043752601675,-0.3242513759439545
-1.6548566718657693,-2.238170191496653
0.8231705839619146,1.8369767591888535
0.07331796718840389,1.087946515144291
-1.2899608997410539,-3.612445703009647
-1.295078772063616,-2.192230494180423
-0.3357846992901282,1.1377369511528537
1.669021525289393,3.119997155186412
-0.2595913513636048,-1.3668166313462944
-1.5031429531181062,-3.658374794829273
-0.24574306408594432,-1.5811191655142771
-0.2727235697476705,-1.3302090476230444
-2.6968866429415717,-5.764281384473172
-0.05429486651781221,-1.5141567522142665
-0.23093453020867796,-0.4462507264677529
0.6962063648134184,2.294689903413484
1.8489560949453452,2.79015600974377
1.1265650295477574,3.772413982737284
-0.26888869055483056,-0.02698529258206639
-1.1065259087416703,-1.1824712318592834
2.5733598032498604,4.488885052647584
0.05921843401448826,0.9729620950955922
0.013929291912946203,-1.0640753165694206
-0.024125087110003277,0.8419973266165022
0.19808476076785494,0.5680088613292411
-0.14436041192394247,0.2645303961368987
-0.5736620068802363,-2.322918619385324
-0.5468589412403921,-1.988787724757389
-0.03275327021599839,0.531721677821388
-0.543424771133765,-2.0351975464917307
-0.7128457826771644,-0.9624852732552056
0.10643022769189683,-1.1542773510764521
-0.2549772174208553,0.3382197778249576
1.5039929885826886,1.7754626623968681
-2.650969808393012,-4.749639679106501
1.0915068519224618,2.808644637490924
1.246085192497629,1.7953985665656833
-2.0733902324081495,-3.5647538977315723
-0.34268759408034877,-0.42493292482714157
-0.37144086599579146,-1.2817235881843212
-1.4075116947178212,-3.8235780735118503
-0.7778166875908753,-3.5182590668543297
-1.1105758454658288,-1.8715016436319638
1.7522704434236227,1.9397381154851903
0.9356783931474612,1.9667009857362305
1.2715550949941588,2.2796619739060686
0.7216720640432351,2.1224869035246656
-1.1290517712172292,-2.5601490419243227
-0.5245202662797737,-1.3784883189066388
0.48937456122791806,1.7106198267441317
-1.2221278088919454,-2.1091975886997734
0.7129984301723881,1.7421528175275545
-0.24032539815813503,-0.011383206507743826
-0.3748208075495975,-2.2852137383063007
0.7109599682034915,2.178708616393965
0.44426331148603976,1.5009954169856818
-0.3609661658190799,-1.738615460214657
1.159329803364248,2.0745791330542946
-1.0810633275998973,-2.2014339428274257
0.6159356069442637,1.0973744294867949
0.5931012579683838,1.5200624825053022
-0.3095464393139903,0.8122739032032029
0.326133022242118,1.7340327721570645
-1.251113576385303,-3.814446346202012
0.924027019206901,2.4701240287198507
-0.18490213644298903,0.9591290466494315
-0.5227230205190395,-0.6586375203488763
1.0490092258368893,3.1889988768597455
-0.7043436905427592,0.6035830646152467
-1.4084612963635597,-1.793213046620138
-1.5566291735239037,-2.8639497514060785
0.6060099513456396,2.2571083767760327
-1.280429352496283,-2.415970871895675
1.7547941819843647,3.5334914072536847
-2.081929407883722,-4.515273051481176
1.6964563682900382,4.956326095412185
0.2110174672026184,-0.39639373153676455
-0.09671311187039239,1.3389415009373313
-0.5449190868089497,-0.5899740498775281
0.39913611435207086,-0.6010339460977998
-0.037634702424848364,0.29237988814172483
1.1033018820165215,0.1065772563814189
0.11422764866203965,0.8539633141551151
0.1503017614618776,1.1858350059127463
-0.36361221221385587,-1.3195803800797652
-0.056945623721067457,0.009656448513447422
0.3078017688920592,2.5697609715344045
-1.7101683926566256,-3.9260834895751877
-1.348185422105713,-3.7552784312680263
0.743264094022715,2.9681915905080287
0.17086543812794186,2.3043180667866787
-0.18398333635267913,-0.36427100085751096
0.01843393306539316,1.0483309015391427
0.34758170536167105,2.0366393262542233
-0.5397596803093615,-1.822003593157107
-0.7783047254023127,-2.0419152861724936
0.19584525509768155,1.6225650233500981
-0.978372777615032,-0.2717312765215547
0.40825275571447184,1.3793863716032986
-1.7025836042378404,-4.284981561977735
1.0291556373256436,4.045372386350729
0.472597482413043,0.4142240670141215
0.25602973431387566,0.17692168745629955
0.9826909839455139,2.307719802380649
1.6654744444625766,4.885109309639928
1.0143700650181304,2.8827161065884845
-1.8408742313316453,-3.26688296230138
-1.2795769667357015,-2.095865403353297
-0.6248185776956788,-1.2061224867478917
0.026091050210833786,0.6103216149401739
0.517659020469123,-1.494242036756057
-0.7257438131534656,-1.7480950853767294
0.18676676447707832,0.6148554638709376
-0.7553829323533225,-2.661779948326152
-0.6115178029919482,-0.8367122881723366
-1.4066610968482223,-3.0177934146825662
-0.9232332461109043,-0.09099079390631859
-1.3516846056163336,-1.130349486017811
-0.9758732529773327,-2.4175520750728285
1.0536417966078395,1.9564458816489838
-0.949398888831943,-1.9727453432722786
2.632382064837391,4.8131046535151585
0.4933179008808892,1.181660785789905
0.1848361236948739,-0.3886098214978424
-0.8583577801812136,-2.8473308952999536
0.7003098794089914,2.0233309827182513
-0.5756378262377739,-0.521746068253737
0.12200981464536144,-0.5602961303692695
2.5600845382687947,6.015524507300189
-0.09605989972464987,-0.8236975286146311
1.1492733262856758,2.551711890609333
-0.7031764251258874,-0.5860088376393188
-0.0349884904969617,-0.1035895456976364
1.77080063563551,3.996342183412154
-0.6269670577877674,-1.7703637594631065
1.8124485579969287,3.4284305325657605
0.7077519354554754,1.2096444400306106
-0.5624667758942676,-1.8715118983287742
0.632407739055521,1.0880413149952597
0.9725544496267299,0.39649060038971307
0.6218099622171964,0.7524661772922882
-1.5702247198904564,-3.4253249331505837
-0.7271371758248686,-1.7104541041451173
-0.24751863555150475,-0.7365347169737884
-0.07443342910004629,-0.2106310580602215
0.620672097550678,1.7207857131874198
0.17770100093325383,1.2299190759990302
-1.3353443587101013,-3.3204539442684697
0.3801978510059632,-0.44280515337721804
0.6105857452838231,0.17912707832454333
0.5597904479310398,0.6323779746671525
1.0807807255546218,1.8096401332927345
0.8339221545489041,0.8978482429003508
0.4591800792284367,-0.3777565057930211
-0.07016571145864703,-0.5964522503914822
-1.6609609335159914,-3.1404952469180114
0.42961821913258585,1.4542659041007364
0.20768768716311115,-0.1420476787820989
0.27157883719537346,0.13015985224731286
-1.2767485758203094,-3.4801954604879297
-1.0810565404082624,-2.193552251191301
1.0531528533329035,1.2578770724749924
-0.03955515385665504,0.49401750552789003
0.6815006973726244,-0.42286509718886234
0.028318376130461172,-0.30299292019154006
0.02975613949574519,0.36061961818323246
0.9382838059759977,2.0604021282744998
-0.5160447282173739,1.6609442075457488
0.09612077694098337,0.5420415784498742
-0.4622752887050425,-1.928605174252095
-0.4344962274323156,-0.9644567019537043
-0.30917212346863937,-2.3945905804037304
0.22213377163371284,0.3636677939706648
-0.4787486216634773,-1.7905533003277134
1.2557561255735208,3.4269025267072033
-0.8946073022195039,-2.3387548790345427
-0.18687164416135904,-0.4905092041179647
-0.4397310582741749,-1.5150199579527532
1.4469778843537329,4.632807120560797
0.19655477651157463,0.07186678690523757
1.0318445394686349,3.8962461224164713
-1.485560373036972,-2.1569689839556774
0.26705026586925884,1.016167259073904
0.889630795623437,2.147994738564394
0.08228398927542419,0.5583652767670999
1.0654803750653512,0.20328817078509243
-0.5172884501003722,-1.3134602943515008
1.40934744018558,3.6638528515554816
2.2988981236192503,4.548899063764395
-0.36283856043965906,-2.130866967682893
-0.4455025214007718,-0.943409493379013
1.453384477117701,4.610874470490893
1.5795721457307124,4.406036006996144
-0.5228600271532683,-1.1077240636725683
-0.42018681709585726,0.11107564286637206
-0.2817846088605072,-0.9300762380890663
-1.344450511034277,-4.392772608895273
-0.9186519464841982,-2.7617698810979507
-1.0041407667520679,-0.44539276499593794
-0.7677975651041284,-1.809588212037561
-0.03468488738678118,-0.3127537541485804
0.23421473253652075,0.16859126879816094
1.5505004928140769,5.005137575201161
-0.998354040738791,-0.37074916611551867
0.9843223984765838,4.187425030401301
-0.21398884422550896,-0.5870228988510692
-0.04946370965243295,0.19669706944222917
0.6748194921666038,-0.16700356508758363
-1.1227220215622986,-0.7685096170063228
0.3824097461840506,-0.4029600588998338
0.1664522082130561,0.5496799801887413
0.4924512640081491,-0.1123999996165459
0.2891686439078181,-0.010529538923059856
2.4553001399108942,4.073337848772088
-0.637739984251316,-1.8833552291784499
-0.5309969550018176,-1.6011166131526138
-0.6231405264247644,-1.7945498477746058
-0.5554771191602547,-0.2776203265402022
-0.6373871273065177,-2.3796370476755557
1.1890165311075518,2.5985744892289704
1.4205042479898549,4.058967648285268
-0.5707462937494763,-1.6546889520123487
-0.8323555731042287,-2.3826300369560593
0.4714155563864041,0.7123064875925573
-0.5522230442809712,0.07527911979876767
0.6329318177555108,1.4599712664643794
0.2029230208512997,-0.1253682529049991
-1.515744114997232,-2.547611578806424
1.5475052013300616,1.9927182528237
1.7958776730955217,4.273114856633992
-0.6127886904843862,-0.8169700732670049
-0.38770155993598415,-1.0832115910108524
0.28586539072490497,-0.2668550169974211
0.334456789987025,-0.2177673423094073
0.6585442726728304,1.8519058816915712
2.0102045387663496,5.249389580021761
-0.1769472274940494,-0.9912022020168936
-0.7982972445384537,-1.1382077855254233
-1.3793192280145272,-4.845665474631123
-0.7309300399419191,-2.0464778105410377
-0.033126972873797095,-0.09731287861849613
1.7945578635177877,2.6794323100537416
-0.5176112990361714,-1.9717289728619387
0.2237879516388985,-0.2202036531910892
-0.016422896072752075,0.259346936180869
1.188393273448084,2.1894575284897932
2.5269324258736217,2.8156336184222712
-0.5308687729203206,-3.1824376984757077
-0.48943944251822213,-1.5857440628936197
1.044160877069072,2.546008340191696
0.6818914896263114,-1.3837218634726118
1.8467073257360336,3.1936844753204365
0.5839281853259639,0.6416085141345067
-0.35929209078705954,0.6697535966343288
0.5906548306923093,0.7962878496717549
1.1087035805829077,2.600396145906744
0.820482181197364,1.7822215024821912
0.5072740311072977,-1.1160184175926051
1.066674689589154,2.901556595810045
1.1692955904456728,2.5539876863476336
1.3821589910375272,3.2725866217496438
0.6487098875896427,5.2236574816156125
-0.16711808031685435,-2.418349100132297
0.14671368643332283,2.018124022627754
1.2065089665083568,2.1255704136163582
-0.8169356709872361,-1.346542437571463
0.3686733088729012,0.6918343724445601
-0.3933388123273607,-1.2109139580527648
0.028744822934817487,-0.5123432823691237
1.2784518626072987,2.8864124607876067
0.19109906801990334,-1.1349755606318723
0.04643654815614881,0.8434522638340631
-1.3598561409799192,-3.135906686845092
0.7462535660272207,0.36243779301408363
0.6454841811410754,0.8409555042863371
2.16325472330546,5.583658663473493
-0.30777823495300083,-1.150891556922225
0.21915032766393897,0.7967542735374982
0.24938368371075526,-0.23218890829396277
1.5774532797634744,3.9128284094505683
-0.0952955323869521,0.4949166740162999
0.27902152577033923,2.40665188483709
0.6078965097165392,1.0402290739338629
0.1866091231563581,1.041873051070623
-0.44643361455052827,-0.794799689562112
0.19408999289830758,1.6840517676596294
1.073631749859772,1.4284311121108137
-1.0265152994110602,-1.3080252859448394
0.132969674146876,0.0712420521770703
-0.7001208149391732,-1.4644298069868442
1.1950466289248425,2.481845742298058
-1.5231869047837747,-2.794133413140872
-0.5589218472715883,-1.2340727376651348
0.37721187506452086,0.9691369332995681
1.5655240292343404,4.7091661160308655
-0.0657502610729878,0.8539491634692428
-0.5551995266931984,-0.24124446088950025
1.8811570694405901,3.3067746128573097
-1.448013900416244,-3.785268629060812
-2.198805956620082,-3.442311355002411
0.4400144500533324,1.756075692636459
-0.5020542243526112,0.46856222704575967
-1.0212328171307132,-2.6464462602306558
0.7083564472993533,1.1871642392383595
0.24380071377119883,-1.1518827349830365
-0.5640786307367284,-1.5206283675343297
-1.2803043986708944,-1.5640382867623415
0.8724573282801447,1.2784192773320915
0.650201177958661,1.9408821511181458
-0.09917586377938291,-0.38885483355657713
1.8466369960476658,4.017331020316893
-1.0700847663261526,-3.2878609224679725
-1.5255251709247388,-2.9658408922155766
-0.6919080698812444,-4.374952110663212
-0.045586016355497805,-0.27806819087298046
0.24333944932269183,-1.1437943450697565
-0.24123605785632987,0.7235224008341563
0.3520553965142968,1.4815181457931048
-1.251539424190444,-2.036407866414807
1.4437646040732595,4.4085354353058985
-0.0821511783925688,-1.1132188776099747
1.1172958315881276,3.9819548610918134
0.34272534637770413,1.6176422570157931
0.4567532191537839,0.6769511510886218
0.5697672802322039,2.275154707647352
0.44770856001731496,-0.21087639237700428
0.6427227598675439,0.46093135820741427
1.3291525301324314,2.0497153370251624
0.19652116970147013,-0.13593536866107497
0.7090037575885123,0.36144987241677184
-0.08973569428722672,1.0436116785208716
1.4401172154494728,2.6213800305291137
-0.6763923020592697,-1.00027963576166
1.8009404329108156,3.0315294994079505
-0.04015795064434341,-1.9009192018372039
-1.4307751021180481,-2.591492845844674
0.12810441491078928,-1.6560461455981983
-0.6810516574748808,-1.4307373610352303
0.8406435489887241,0.31297205914463766
-0.6526239793023909,0.6820280406260262
-0.4461834332147797,0.01899585574516227
-1.889540730945531,-3.6733276706195817
-0.4523063192490767,0.35909403915651517
-2.4238793266289567,-5.694074630723649
-1.5839028234857233,-2.6243262683013535
0.7604146561442974,1.7206397460073082
0.7858001586508322,1.8356203986353343
0.42545756178496474,2.1232686236766973
-0.966976143129213,-1.2014601834786238
-0.047711356141979855,0.19330095054106355
-0.0036025390905684044,-1.662092514409433
-1.1583646891925428,-3.2767756736645492
1.5033983017671506,2.884087669938577
0.8773622905756714,1.848096955427994
-0.22096417382966393,-1.5721320723332517
0.02688583899453078,2.4654483535674827
0.20838280794755248,1.9331596711486778
-2.0417348684242906,-3.4813514164560977
-0.24717738252059693,-0.4223179037574491
-0.6819842479977986,-1.5761774658967487
-1.0016200098949155,-2.9551584798120665
-0.2811002928859549,-0.4847200672530473
1.7976865268495226,3.8531255938417956
0.6408428612670098,0.03992514705239536
-0.5711789897827968,-0.8081815623206962
0.5725827813561586,0.9899065138875685
1.3993554365860021,0.8909033152946133
0.9246336829127688,0.9888823550460357
0.05963036992017413,-0.294344793581296
-0.6469367777055739,0.5938141019290426
0.6982233136135899,1.952999751760938
0.3934853854217496,-0.5485107982563922
0.8951932200277323,2.2764227294731016
0.6351718016819695,-0.2769603855744265
1.0495527153193351,3.1817964845257434
-0.535235211560568,-1.5415950749390146
1.3173940656343257,2.5411519425294804
0.19759960469239965,1.7209958569269894
2.0752608726252655,2.863358176666281
-0.6891878180895679,-2.7754938212921267
1.7359638031652493,2.888328279984494
0.1979107834626478,1.4342004179446122
-0.6514180036144483,-2.822182082705739
-0.48388583405432156,-3.799927266219212
-0.32034730819432017,-1.0918534747976392
0.4241659464019164,1.4000726927147533
0.5228354880354996,2.2459327258098285
-0.573700003938579,-1.610561369962557
-0.02435459226098284,-0.46013579163796814
2.1422703586118637,5.438441451479474
1.7275431701007113,1.585344640506002
0.4363236696740321,0.4841265641650549
0.03800347816820029,0.2664308462614583
0.1200313267182613,0.6892813747215569
0.6135179727304166,0.7172292522699507
-1.0227925651984056,-2.0111441186909698
-0.2573765374233451,-3.00308042825968
-1.6685840738775894,-3.9954165600890272
0.39922312260527926,1.251954957765026
0.647195939702741,0.3120978451508025
-0.483186462299374,-0.9073887030091506
1.5739867632900328,3.5948460273827636
-1.2257656630023412,-2.7940805268624476
-1.4643748802098202,-2.7582859894230696
0.22445181855997204,-0.5138289281646682
1.0470983026121545,1.8875853255282624
1.6839276914578687,3.97807155250496
-0.45888426286894,-0.7607955647694458
1.0786808334312956,1.5708303972986557
-0.03850846950070721,0.1471994652893786
-0.17262729994081963,0.36935519075497875
0.8836599374866724,-0.28262140360413324
0.6523228784134196,2.463719821782737
-1.5763921569842494,-3.489039052649571
1.4765403497258958,3.3785706326920217
1.3800913541474515,3.9574296319401308
-0.6255627015095294,-2.622799100249525
0.39580353343740904,0.08216606444727148
0.4940301862827388,0.6995116766897729
0.2606737658239071,-0.2624059894766141
-0.5503051538454201,0.6343262681459683
-0.6716233679380516,-2.2000188297028958
-0.025554070991445278,-0.6066549214697572
1.1727290192593647,2.549847070121706
0.5436001545944323,-0.11494921688722415
-0.37061433208610595,-1.1369093759284756
0.7716987106483447,1.8608506825468645
-2.8485426206300755,-6.0299456456426626
1.1487657003721035,2.2041445418442587
-1.7397137787780996,-4.0087596700045705
-0.36244094140313216,-2.2393521919870314
-1.1196698946261439,-1.9177465779130491
-1.2946814757209058,-0.83442987979457
1.1608267873785194,2.340055205540477
-0.46770120131189136,-0.7101382853762332
0.3465038817307158,1.385730518578291
-0.04692057887918407,-1.3631716543050674
0.47704082722312147,2.6565963125758483
0.07682189106025536,0.35597257854331277
-1.2829922241885696,-0.9341275492880303
0.99626681944714,1.2595006433702907
-0.4937565831613125,0.8305487562351997
-1.556581898659751,-2.338008303284719
-0.4281151609659125,-0.3031902360794666
1.5007597906343109,3.2355440356217695
0.8502217421134929,1.4519148661525363
-0.3486521344078592,0.5032273896581542
-0.3492577043184288,-0.5581555387888106
-0.3216350512173826,-2.6103398060219174
2.076747983560841,3.036309505414679
0.38193545223155334,0.5780251522703594
0.43004164719106963,1.1700822775476944
1.0302834540318422,2.0039784191637886
0.23878915902651351,1.6965491078466903
-0.2590421458207031,-2.469186155680031
-0.19634984908497827,-0.24911176166479634
-0.07160125941406395,-1.9611817442152826
-0.03722223650984159,0.6852678224644853
0.7276295436369798,1.3608003728319569
0.05194588580729943,0.523501743638717
0.7326400772155792,0.6013971938413923
-0.08071658010858232,1.1180317714405865
0.07863519031609059,1.1989950446910325
-1.9982006845321076,-3.412857066052328
0.9163276747024814,1.7031381025415222
0.3464884758979927,1.2728342370911174
0.9980101098596522,1.2891276517319556
-2.8962553781936893,-4.936955097366667
2.0883747047807275,5.826230303885376
-0.13958962815517376,0.7914313036688387
1.1081828167375165,1.4867631636676235
-1.0399059271255309,-1.718394536977959
0.6127739050625697,-0.0675937336335084
-1.0534155631736561,-1.5344408151716364
-0.6237689606958051,-0.7969345085290713
1.9140313538667861,1.9582463682014082
-0.19068240076334658,-1.5431486454390568
0.21743287317972287,0.15172684961567862
0.8700677306887542,1.439275714236682
0.49568188797260465,-0.218113159473596
0.15041890514357642,0.6898165396393365
0.3649610024662254,0.9813956138729629
2.403415585238275,4.612562038498031
-0.05761879703358539,-0.8710290942255338
0.2010990467149675,1.4509052198464985
1.050654396007612,3.756715905103519
1.1055259329579838,1.7274903820694307
1.1870303055603801,1.7618936939659395
0.6387302220291846,1.7686681094703656
-1.1430049127304835,-2.644039205207953
1.633431532301096,3.1274658639389576
-1.146345393018688,-1.5530376343127046
0.30263546523903323,-1.3040851570292262
-0.7542758500193579,-0.19024937518604657
-0.06413834659299254,-0.05559616885664374
0.3287624103034804,0.2460316760447806
0.32135721545027307,0.5534802766790972
0.42192075423528475,0.8062708634910882
1.613711269058647,1.4962212346723687
0.45353430151397983,2.4020068304811955
-0.24415663529064868,-0.4469876383106789
0.9640871682883573,2.37117646702409
1.1894704889246406,3.330490748423324
-1.2276078151369925,-3.476378087834285
0.597400069849858,1.6682720387349446
0.7011727423108983,1.134704393723003
-0.29756350335999193,0.2516437684965098
1.3757068133116195,0.6241862062717436
-0.15005558703252672,-0.39920547430632247
0.12557645347154225,-0.3516677488408771
-0.1730718242838696,0.08611930206641627
0.015579047581467534,0.5012022825311372
-1.0962750868952018,-2.9001760686124296
-1.4400508825942944,-3.5922756293646323
1.5945050632249722,3.078344757892615
-0.8469613483183278,-2.590564923951864
-0.9913923494563072,-1.1408010034604874
-2.153390113603715,-4.675987427654876
-0.6389617476895022,-4.184911714700646
-1.3230897934074983,-3.0210016434368026
1.642015160136369,2.2454864994287655
1.0098170893426341,0.3883583632243228
-0.6881503451777238,-2.61372732857802
2.2524358053443088,4.614280082521588
0.9817654869915943,3.2921718022314197
-0.32483138350862245,-0.3364782931522649
-2.499405714873573,-5.605314817962886
2.2909425725907417,5.0377893403521865
-1.389572466763596,-3.2382352437461837
-1.6453987469568918,-3.985397863076928
1.0225704320096403,0.8907781957862961
2.439752406339273,3.1276760059268263
1.3842728185105182,2.378621930461591
0.5639091200523596,1.285871730024851
0.594754341665286,1.0928850133156822
0.8534155587803077,1.2908641896132569
0.7589285897867651,0.5721111188767491
0.2811914239693758,1.1706290396237202
0.10420110395187607,-1.1087297120428328
-0.06259312789952241,0.6508416580444305
-0.7539645888666763,-2.5101461966600773
-0.28067507686677406,-1.313785391086583
-1.6929568141953855,-4.852698819006448
-0.09833962679474989,-0.6980814004751364
-0.9885911071509175,-1.001869755823856
-1.103589317215771,-1.6915505459875853
0.17989415115347845,1.338210414334992
1.3920022863445993,3.3061471186231346
0.918316606002313,0.7329633834742568
-1.570500603623177,-3.471790431573911
-0.9896281365703375,-2.759455402258138
0.9407711879882159,3.2121172800154723
-0.9824873935383096,-3.161763433502931
-0.2246331499970246,0.44443138939506166
0.5500520990245519,1.9930580681578731
-0.9683444548636353,-0.1070687080111834
0.1053755061459599,-0.19893558033757755
-1.3340254949182044,-1.9557288302562468
-0.6013676439512137,1.0789165486364154
0.31978193414253697,0.021922191351377296
-1.5929937335316693,-4.7210277145956985
0.440474737960399,-0.9990605579869657
-0.019637798926681216,0.6734364310079689
0.5524899544171478,-0.7781702992242883
0.22391413406466143,0.07550921519140003
1.3641404299738442,3.1655940469866493
0.12522450264790727,0.4356245421257286
-0.429405541125253,-0.4333662180663337
0.12229750303228377,0.4668848618654216
0.5432980290363879,2.3654618713861693
0.04886007032570433,-0.8545962400873883
0.04059169120388238,-0.5958117560507665
-0.7019916878067554,-2.176642820884335
-0.6629009175509482,-0.49561002323928616
-1.4026052717996935,-1.9048119552043234
1.7495767431869393,3.9503788056923868
-1.243863235391285,-1.3042328038926423
-0.6929051977959073,-2.5638512629681953
-0.7184072655691974,0.23040958041274218
0.8949243769444413,3.3130873756011407
-0.2949496782920278,0.14572264066169116
1.2477420726737338,4.277283054118527
-0.6734906242438685,-3.003604456165511
0.27899416222380197,0.03354018818495208
-0.8353470532597573,-2.405997567201467
2.1451491277733883,5.01177757930412
-1.1875984190295128,-3.425337577661171
0.3098207102270275,1.3771365697915405
0.6337768809320985,2.6380899058609106
0.41379909745149823,1.522801094986996
-0.1852876588777083,-0.08682429409391546
-0.12982069973342616,-1.2475147403676015
0.0438114719791096,-0.7592280221671454
-0.14700200162848862,0.9556149020396894
0.9638791167949097,2.7071072374951517
2.2105230015913513,4.382026483805158
-0.5574917850078336,-1.5328931157815577
-1.3698029795790778,-4.765413832269532
-0.08828204835125482,-1.2474165153869485
2.5797093376543185,7.0708377624483605
-0.8036745679697308,-2.887804706941928
1.6391168054440675,3.467713432109216
1.6777008140764407,4.36284560134808
-0.5535882417079946,-2.3620991514182816
0.5689830791852754,1.322676633151634
1.628396623128538,4.194708783767731
-0.3791277409874871,-0.7457561600677238
-0.20358036010236177,2.4612423354620447
-0.5816809139486437,-2.8319610867754825
-1.0147567306928669,-0.9707849315018549
-0.6492775450660071,-1.4713568275284785
-1.2239402667622565,-1.6759603786878379
0.03408346825922607,0.509474088217698
-0.7699732310586418,-2.27310265922728
0.2337859117907477,0.6965682160408356
-1.5558956462036273,-4.969692743805542
0.33088023221445706,1.2650079650003079
0.8335289616089246,1.965216389208375
-1.9937356425714554,-3.3488111164998084
0.37405656984757213,1.8062314647822943
1.2276689924732922,2.8229578251562955
-1.2096410186912054,-2.2711926175841346
1.6725723868377034,2.4640764370141146
0.4190190093660452,0.12581725508303943
-0.7050118557584089,-0.2232890913394867
-0.05576907765770601,1.3247972503905665
0.5583269125217224,0.8785433887313907
0.0760053914124115,0.19801353007809713
0.5387559924463692,0.1728976098989723
-0.9206735930793662,-0.6685903408912877
0.169360824036078,1.0041384717639348
-1.4137144969049802,-0.8862115573462113
-0.11122606134870032,-1.1007751998771396
-0.9039076414647897,-2.1858231819477965
-0.7355299425897666,-1.2396139626539608
1.2360931752104374,3.1186758881466456
1.091310120594269,1.9669526036409057
0.609138120907177,0.3453151513606536
-1.092312764672579,-1.303218000421587
-0.3164084496948019,0.0883184631559778
1.2130976999791834,1.5099212993946418
0.14171691363990474,1.6388766283853053
2.319329539981694,5.808857789159992
0.39331783939437187,0.9209321760365367
0.1920491164900316,0.46369609535609957
-0.3091164642025014,-0.06417515728909562
0.1335409047822823,-0.5946212606916935
-0.1524698363805439,-0.27490819359700563
0.7081086766885905,-0.7361661912319994
0.9567023167945841,2.7898602790921037
-0.7859894605079495,-3.1334721434577584
-1.331232953557778,-1.159046078686557
-1.8362053731032966,-4.002530840173043
0.5079913269125437,0.8043156718939104
-1.1033666061738736,-2.834467118432253
-2.152890592952483,-4.593820059827042
0.3885786045309641,2.1956885542099647
2.4929995174327906,2.4981903783305017
-0.006070911539893324,1.264823563008401
0.8384907744516419,2.0150050300049918
0.08182935854756501,-1.0433629307620855
-0.09888965319114267,-1.2730916994315231
0.9190764829877686,3.51454599318374
-0.29027454418865134,-1.5260559683200339
0.26739231407190295,-0.6185658824521535
0.3216978061960136,1.7807101547567565
-0.6680904536430488,-0.9976280310001833
0.9920423495365228,1.046159122536647
-0.17495975669540864,-0.13329453798619828
-0.7557451594928447,-2.5372430026259667
0.5365098435704035,2.1738410855634123
-0.8984679817910373,-0.735564998708941
0.028181157369128247,0.5883685135601996
-0.009118996644203544,0.3434230679586095
1.085895565831578,3.9329792565305297
0.4746982328799528,0.9490827931481308
-0.025026958745143917,-1.231928042911089
0.8177662992002871,2.085006511232881
1.3902075490173134,4.86646214757174
0.5578103063518622,0.10086111951787236
0.010352619843380607,-0.34075752700722456
-1.3118362323501596,-2.2072264265988664
-1.0651136630753726,-2.1841321751564844
-0.30522470435466764,-1.5927529890866499
-0.6095122021592831,-0.09716654808809544
-0.186971302985446,1.9460981160463673
0.056649924897107164,0.30943130881812164
0.5296927543567308,0.1553172189774613
-0.07049877805909122,-1.6899580811716575
0.4865016438262019,1.2309792688735848
0.06447441481012024,1.2328261729364982
-1.9754665663538713,-3.4757653862123608
-0.9393353938187543,-1.8810746285563624
-0.14408755572161547,-0.8774467632325371
-1.2096947428411076,-3.511553118400305
0.5999287299962045,2.0346087863172913
1.5307508323436974,3.9752732860729805
1.2187618516973167,0.8917939167039002
-0.213442870930208,1.162953236320268
1.490726136849952,3.5555234945939054
0.14866745720211155,1.6969295595500165
-0.33708597111803934,-2.0162996907211936
-0.6134026635409398,-2.592629482497318
-0.30246968648812833,-0.7539086827435536
-0.38817681854122876,-0.2735692101872633
0.1704162223754877,2.1371932676779393
0.1605739810498646,1.0272268759148608
0.0030460201534144695,-0.2365892365052044
0.43693816974634986,-0.1524928681731924
1.1906462747863413,3.6112931222918325
0.9495541354413237,0.9344028451319326
-1.4848979684499035,-1.3413273821274854
-2.553921134901955,-5.392226919410419
0.9343199112392737,3.4592218950963978
-1.366878698415421,-2.054826106771564
-0.22476540189268354,-0.5865262932278253
-1.1701130260593595,-2.859622423944846
-1.8019804375800197,-3.9448687525061192
0.541462728204788,1.5112421487848136
0.7591551603026468,1.5954668168230104
-0.5765104007267194,-1.746832209522144
-2.59104229214491,-5.347715994607452
-0.5462444482524828,-1.0139118667858158
0.3918040054025465,-1.3451260836097192
-1.4789115687741288,-2.499655022759559
0.18335991977915564,-0.6130013851584954
-0.015309849172995557,-1.1839521015517362
0.5792914996010884,-0.5287613479085336
0.11958036841415326,-1.5547317610395837
-0.9730689408815555,-3.3015853848754
1.1965715016644913,1.6841220456984922
-0.15852957302697002,1.6361999914726282
-0.02730453950993186,-0.5804887549150676
-0.933267959073196,-1.6887858118783607
-0.4432822511915103,-0.48608311587669195
-0.8848027140269009,-1.638540241837953
-0.172946059923423,-0.4233355805728396
1.7117084801423434,2.2281231966854422
-1.3719011429313563,-1.2928747375835008
-1.6135613978767411,-1.419926152115597
1.4711703274936085,1.2596819608645313
-0.20932367715186612,-1.4426759451901119
-0.6690727386599166,-1.617955819696839
1.0399046873960764,1.1152715798819615
-0.6056155397368641,-0.705265526017863
1.8260097135469362,2.9237472246872596
0.6779258713392691,3.5209078104851406
-0.48791140814570266,0.21472577805219073
2.1573082132655035,4.527190457163222
-0.6057149230033384,-0.1844435826869446
0.742095372009307,2.590091168375923
0.2992925804064919,0.03463767275474061
1.301741289398798,1.7872653342556313
1.5615111967268527,3.201165456423353
0.032004149065766624,0.9256444226294773
-0.7534178703461835,-1.3677753420389493
0.4599721429391164,-0.6570521963127643
-0.6777153697521061,-2.1582551834550543
2.013387247526623,3.952801631458868
0.13653533108273744,0.19740505783964463
-0.3653215513121087,1.2418990741655906
0.1846803058649084,-1.016627330669181
-1.3471262895296965,-2.1886633372235185
-0.9716140385106515,-0.4541149686930135
1.2004139079444254,4.672277561311647
-0.6568942789713957,-1.7181859811267528
-1.0469109826819396,-1.6023925126436795
0.5366527525272862,1.6430658622532193
1.185704154662997,2.5668900408792847
0.7189533106650667,1.3390614200908275
0.9960476858058164,2.4280707611116785
-0.7567950885694608,-4.045836262358607
-1.4218106667418438,-2.1615518434210563
1.5013336519554867,3.1288452075729407
-0.32267983884213575,-0.8678345744625369
-0.25083301645504735,1.545196162809463
1.328194141849058,1.9814542649075637
0.5562300094006599,0.709384029736289
0.45588777208160763,2.903328846367949
2.165002344901084,3.497943384952311
-0.643518230380143,-1.837151743696825
0.9278401280812372,1.7086548327316244
0.0570131248970845,0.9547607319237182
0.26859227886325693,0.7449870650798273
1.5284684264125317,1.7643115056728007
0.5078357562896237,0.48350294945205796
0.538296079049633,0.4692377248870545
1.0725073373098022,2.067793629396559
-0.3649527295428853,-0.30406180045594156
-0.8392096673390064,-1.2602135787900406
-1.0448091940210336,-3.8656301420904695
-1.9663565893760018,-2.8687721911911472
2.056207129940322,4.3649831058772675
-1.1032083657216831,-0.82188468384946
-0.221253623585772,0.0016910801191278857
-0.27681329988892067,0.5476963579579208
0.30740669780910074,1.0813587070683284
0.8157372125392968,2.9777001812813415
0.8604734883597454,2.2431976127372693
-0.5830774385689385,-1.264070123580781
-0.1671217137864115,1.9381912928740588
0.28257995048829965,1.4541970232564914
-0.24869112618354708,0.07636216863731898
1.6073455760199926,1.9383867355016493
0.49097495163825133,-0.30635771418703506
0.7348777860498175,1.7624710542414883
0.6628812686674127,1.471283735103066
1.173473857485325,1.7328251499623337
0.18102155870370695,0.5030258170194739
-1.2968319479558466,-1.0050369678680973
0.3996879517526416,1.494778378055582
-0.651356893791829,-2.4437222973363966
-0.5286166817497568,-1.1687421906424573
0.5863640187550933,0.36776155665762567
1.2382830714336357,2.0888662264587103
0.02127157673606165,-0.37107251215751946
0.3088330125989638,0.14002044259392238
1.702214944635238,2.149294517297081
0.24075317948856828,0.3538516774589464
2.601683114180395,4.64275859151348
0.5655096456315442,-1.7984293987391797
-1.7607627591558177,-1.4685534938099725
0.7533416211045325,2.595452896425737
0.38115838488277776,0.38601604484055946
1.2897527540827456,2.5983245579060896
0.6731813512699584,0.17470835522235495
-0.13845598398377382,1.4188109098433177
-1.2242982362893657,-0.5513077778056199
-0.20902325728602528,-0.26135278632552594
-0.8505204542093001,-0.6775102642332556
-0.5805234498047227,-0.9857601206755215
0.5885784044206096,-0.15956863003471145
1.6699045043514062,2.927985639739155
0.3946715298229811,0.9212710264179192
-1.1958830620351844,-2.846313842813813
0.4446026682201407,0.6705520590052454
1.196631486645651,2.301863415782188
-0.6097829043193822,-1.3004443065042257
-0.1340171666729177,-0.21577584284835216
0.014688194729197093,-1.0312286769382066
-0.78489831308224,-2.2868127752924163
0.648280433843859,0.011976601987748747
-0.12094814860778157,0.7359192524706372
0.41953244390702776,-1.2665820540262689
-0.8874921778021001,-0.6213940122872748
-0.43745830032341043,0.5114327966160225
0.7223813578277714,1.1425821286729212
-0.372833152091767,-3.3488033920108324
1.7269638512334051,3.0926171404995197
-0.39963618561460235,-0.863456532518024
0.22468472575188592,-0.5612287684251416
0.9325908318730899,1.3499632699379371
-1.4183657329330317,-1.306536267002712
-1.7608088119807759,-2.8566904616598108
-1.5256563145700948,-3.9758767435182896
1.262584103427182,0.927569037258932
-0.5518581458924467,-1.4307336093946645
2.5581992856682523,4.902941791986066
-0.5642475986573886,-0.632296009951461
0.18455130319703697,-0.16621410617358506
1.5421099525678756,3.5957194804976127
2.006092888159123,5.947339816378475
2.061503576636398,4.938508175717058
1.2083662305931424,2.3686439538555124
1.0240625258114624,1.86497458056963
0.5925269492011831,0.828380764222495
0.7783610761666377,2.73736306478542
-0.5511857163285334,-1.7296848786083698
-0.8181988834223072,-1.5911750578446318
-0.0033744574109520514,0.04444898705918124
-0.17018462252492844,-0.8421534378613889
-0.4532280493272752,-2.278921646538651
0.6963874474567153,1.7157493985310988
0.9553052085705107,1.8496064452856378
0.08840688629184736,0.6770542420202645
1.4775300810552618,2.421459855671357
-1.141689114133505,-1.0625569294539623
-0.19365945927971812,-1.2640926997712811
-0.7168223206028049,0.2783956428122827
-1.86653661707306,-5.480709743974382
-0.08268068584269925,0.26940869287149266
-0.12174750838328353,0.2319356657600564
1.513449743242131,2.2313424185433797
0.6308116845547775,1.6860173069705677
-1.024186824329205,-0.768854978898251
1.8540925663341883,1.4913662933143121
1.221033695525353,2.9448121985415203
0.5820977034686158,-1.329075413392846
-0.22648409884983192,-1.4186330012228718
-0.9594392367234797,-0.28971210854601437
-0.372206776071053,-1.32619558553416
1.088748619704186,1.0036172749993995
1.884586305934609,3.571234882884536
1.543243528272189,5.15439339470793
-0.4888494217862741,-2.809381090778574
-1.1196174332890112,-3.2905447782173667
0.14088624691120394,1.7792041770020344
-1.7684393655628516,-1.6791763875879708
0.32316771418478146,0.542904204079279
-0.14760258629866868,-1.5342578751239797
-0.46603650186824225,1.1637704980726746
-1.5947030672667954,-1.5949637427843941
0.5136001065697166,1.706147200901666
-0.5327008396619114,-1.877804028261243
-1.169916835710288,-2.388863012258613
-2.8722622132816493,-5.90488450760813
-0.027514905050636255,0.27582149451430527
1.772251596669744,4.9955046314708245
1.66125921454787,4.201935470233143
-0.45709625658627184,-1.991568590157302
-0.6022120603617805,0.1720723292959767
0.46877425607502377,1.2506806521632028
-0.9983854391882915,-1.3097050825176666
0.30179189981946597,2.0701246589175346
0.7660802783846903,0.4205803072558294
1.2269332238843076,2.4180408690621524
-0.10015407647995278,-0.7317627043191206
-0.20367375017696587,-1.9752069257193876
-0.877982586756561,-1.4092551959082023
-0.82688035403986,0.8577958435047035
-0.22647889190152676,-2.293035528308806
0.3673655068161781,0.7024504025828858
0.9135846262332494,2.4677121875412724
-0.8031789506803448,-1.4832796997045086
1.4926885689595217,2.872249085403303
-0.2711236010425688,-1.8414635655309617
-0.021367294348436157,0.1900521542432913
-0.7472116791478234,-2.251187335311573
-2.4242402602729416,-7.038402225524436
0.8840453963610497,2.9626830132358304
0.7368438970924334,2.4320736140269092
-0.2813275571182134,-0.5109941373853469
0.06699071722487192,0.3630561226554464
0.5159392177040995,2.10619644812376
-1.5625458568865427,-2.9007520569950027
-0.5290526773462948,-0.1540877999312752
0.7942646796218271,1.2910471583698042
-1.2542894231692494,-1.1965951077645522
0.2935579321666293,0.9079015902659424
-1.356581804623405,-2.5191116656409362
0.46642998243352635,-0.33720112384497936
-0.03564148229748357,0.2156728897067416
-1.6151318159055095,-4.06221854930547
1.1647393544571714,1.6911959823858487
-0.7345915767980492,-2.2845587819122195
-0.810252437014381,-2.686739805927987
0.20056919723094285,2.5259097974788474
1.1486373494287152,3.6286137608458335
-1.015821818978397,-0.1112761358125327
0.06167984984797165,-1.0995353198596205
0.42881650033057295,0.9288867505720384
0.6931056072631441,0.09270358932219236
0.1764415552772252,-0.34281176664261365
-0.3670278390833223,-1.6521826615832196
-0.8275902206487197,-0.4155964348558778
0.08614388304637476,-0.22394191200901034
-1.072139011985607,-1.0758986902771974
-2.9213504834946074,-5.238580077400696
0.4365598041576678,3.1767583604201244
0.9039348410861953,0.3284254590326665
-2.3629324355418384,-3.466631631296878
-1.0097307047099375,-0.8730205390191474
0.6191542610051978,0.2649296839833609
2.0574954697116987,5.122124275896557
0.020793707675407894,0.3777323783770446
-0.7280029412291344,-1.6834821424116766
-0.18289644110484016,-1.18972836918168
1.3748764191481848,2.0306433868471836
-0.6459641791245353,0.7578837375368555
-0.7991920066502536,-1.5977011943430246
-0.4827435221820324,-0.18335704283260568
-0.9533286082587124,-2.6975565981849776
0.12267031599479553,-0.5345123142320478
1.6246784584695606,4.331341726189064
0.3230792731160291,-0.703417665319474
-0.2523535021262876,-0.9199207721578467
-0.2918112689155441,-0.5495951267588561
-1.563190808696657,-3.015009015553262
0.883109777147159,1.5871262692781618
-0.07783719701280203,0.24014538707031902
-0.18047991359062565,0.33189592863656026
3.193107567844861,7.120852681149052
0.29875290836568624,-0.3882979919364542
-0.7517910500951843,-1.7877371981191659
-0.4263575962055433,0.3420476694658511
1.1484457091967548,3.191538605967382
0.11327041053776446,-1.146318630405535
-1.4382779783173667,-2.525076056282532
0.9192289345752035,-0.13976738022440327
-0.668144085538994,-1.2893532690176184
1.8732977762175456,5.644362569181068
1.0800480657146485,1.2122034141603106
-0.4473218956587512,-1.7289668368090845
1.281016361735113,3.3260625050430854
0.0678555105274033,-1.4070904941548394
0.8527736751222195,1.0727923203593999
0.48473281729447476,1.565906772170702
-0.8463566549908735,-2.32699915767115
-0.643549832317462,-1.5230696518458955
1.0299608175811612,2.804107345477357
-0.33477533210654087,-0.24800458067652048
-0.4036484632419967,-0.5404785301885915
-0.955122579349353,-2.2493674379687447
0.42359906559346105,1.2172592464558774
2.062524919243145,4.0013171583865335
-1.0675329142542729,-1.677260218582761
0.02421945667275807,-0.4484931117724621
1.4122205554154292,2.641872136451317
-0.07964139124571515,-1.1492405750434442
0.4523717962497339,0.8697359824932319
-1.0623935281468797,-2.9357879199226042
0.4283070972076486,-0.25743225574669615
-0.18714426500454878,-0.11562738215370943
0.985729995679863,2.184199767217386
1.1873860515647512,3.157645838078075
2.589563642018614,4.748001714462129
0.5796331732135757,1.567319193263907
0.32579631658216646,1.2023902054379962
0.19438430157733602,0.8335424109862668
-0.35316629281068834,-1.5319862684235188
0.33848384346169114,0.8263311691945712
-0.29540141013902943,-0.2266625242233975
0.1684609762696143,0.3441004194471705
1.3175975356079597,0.5487174128448347
-1.0065425652796411,-1.8525955065858022
1.1398785611290454,4.492288161655333
1.3171150673398653,2.2741908659227477
-0.11806852699107874,-0.9642141518374786
-2.1218548990085946,-3.870361238305791
-0.6078219870944325,-0.9032657637222932
1.2969945465611092,3.7867242585386327
-0.022868062298882122,-1.3036042805066521
-0.9993022322949108,-1.2672242120148292
-0.5047749212282174,-0.4191277812049714
0.840620026504553,1.53909351606856
0.5467335682013793,1.4321544543244487
-0.23893209916969432,0.5515932832589686
-0.36682441181468756,0.1386665563990752
-0.3917581490438219,-1.9265356101613724
-0.9224101844985025,-1.0246621822415207
1.6153756894694418,3.166062773906365
-0.3223204692113399,-0.5717668404071644
1.2171585208254965,2.5075140326526872
1.5213160519224513,2.8923891150466425
0.9983108981479604,3.188329293402986
-0.4316203127180484,-0.9469585852853089
0.40373009033660945,-0.3120859477099498
-0.024195606390916165,-0.4419210687515612
-0.9037018607301281,-1.6287090046497807
0.324359281721603,1.8779333477402564
-1.1790397911598025,-1.7549848973707713
1.1876793884615637,1.5248234981760835
-0.4646172972983931,1.5559553220821054
0.2011596558728393,0.6670946227236583
0.28328787154614216,1.841966481091299
-0.25890497370407733,-0.6695243809853838
0.5866938014752747,1.7067468476559988
-0.47490365662252443,-0.11033880872664414
0.8712972974572442,2.9607893066687443
-1.3459796802467485,-1.634591055115272
0.12637957954641182,1.1249561591658015
1.9389289990582848,3.5627712669224607
-1.0003313246055747,-2.572408691167211
-0.6777449705248515,-1.0228824307255056
0.513907849658915,1.9609437716588993
0.17958178193959795,0.13644286310258885
0.3506300992735592,1.7664321642615048
0.4891871301476635,2.4309910057815065
0.6347214685617699,0.3531220180501201
1.1096998419562232,1.3824789801161663
0.40981865692851255,0.6792622549516887
-0.24125765461854246,-0.1749026410478885
0.6725737012027313,0.8205803886384117
1.8998819348952156,5.151966548657576
-0.13263374638257355,0.15879936875330408
-0.9745293046706415,-1.9096115611005435
1.1070806692869728,0.778251814705418
-0.12038116395359824,-1.5565781443347035
-2.172669546014036,-4.064329841746266
0.8474216771504216,-0.437752271853993
-0.5353281859539227,-0.05801896226377368
-0.09053328230416077,-0.3392204089806419
0.33198033056901455,3.9070536307327624
0.1904996797790664,2.6889156101742433
0.7094518171390395,1.2374545650305622
-0.43548637056984335,-0.9773097436710017
0.5131057981760827,2.0217931103541953
-0.2595466775839172,1.1840792547502033
0.738810480887503,-0.16040809566101077
0.6153674840130534,-0.5556404973285798
-0.9354387020445953,-2.4929122096435723
1.0859821161750323,2.754701815523929
-0.535963445114048,-0.5750532997204989
0.8080577982811451,2.6858870515461404
0.36728731340134063,-0.4651229015626269
1.8381836767951225,1.3602234906213684
-0.22346598237185214,0.4110822305584411
-0.3493167961181975,-1.5268298652016297
-0.01941960588773261,-2.057327076164103
-0.30317978283427544,-0.4612958197091692
0.7999419019420501,2.3930594921027772
-1.616310608436588,-3.354678348994453
-1.053682419146354,-2.5652132244751975
-1.067802921579193,-2.294968075304293
0.9503075919735757,1.5300324215463685
1.7106133725819253,2.0731796332236834
-0.1044492185374715,-0.9235791140653749
-0.16882172319001063,0.18363645863379324
0.07005216311318138,0.46178286760286286
1.1618783026081905,2.4918164111832013
-0.9273531341905741,-2.8498547502345275
0.23836898273478513,0.2952348033339031
0.9751976297824297,-0.22666978687799522
0.5010941699398452,1.18066500376508
0.1895816165987434,1.8080209410110542
1.0010460925671412,0.5279600530921766
-2.703232292999237,-5.9923922593162295
0.6778753195309076,1.6848574177719449
-0.6540756831274238,-0.055308731827363955
-1.830632896856457,-4.109490410013064
0.5112025995249807,0.33015486978406505
1.3736585451629577,0.7783939479098323
-0.13744851462769186,-0.17145889994727737
0.9528745472029388,3.947825134549622
1.6122782579886454,3.5019149779419667
1.3149144535840473,2.6075499279843815
1.639964529371393,3.6020113695097713
0.7421274910718922,1.4731629781951825
0.0754336389015928,-0.6621470944569443
-1.6019658118971685,-2.3806517081166314
-0.24606248812994858,-0.26636345314814275
-0.8432465953161917,-1.668879938698726
2.1709427174978138,3.3665194077173775
-0.1758858124323366,0.9517363070700859
0.12320480678448567,0.9111123589020813
0.5514853760404675,0.5500499147136331
0.043602446372453724,1.0890297464268446
1.695051040430753,2.892531242476299
-0.622649361734452,-2.0273022159799408
0.1946074552372427,-0.37048820700580165
-0.7424705856980482,-3.256009724484188
-1.3200225112207058,-2.168502642023206
-0.6117690909052854,-3.054683060148921
-0.03703679704841202,-1.3025174253625866
-0.42930222451725997,-2.934192458113053
-0.692420979873856,-1.470911652538605
-1.4063174636718339,-2.9629553876155397
-0.08310557262869477,-0.49290735844375355
-1.5047203740310022,-4.052018442732581
0.7600559636896026,0.34787817394256515
0.08243975293450329,0.6292493694155807
-1.4575514994649306,-3.465654930638349
-0.30920907704986345,-0.30205983256358215
-0.7521564055905832,-2.389561497305389
0.31917451041918043,0.8194117636094432
1.3404504460231446,3.984178929362353
-1.8751724696457446,-3.1641791388987057
0.11502607914741717,-0.18236165992164605
-0.1601327955666404,-0.06306662077735342
0.6713400764504657,1.1020149783707183
0.21319662823768915,0.43427344117010647
-0.7519693317388191,-1.8295497156261418
-0.31905393566661816,-0.8024430772186275
-0.796025856803489,-1.3799583605328027
1.0760071385985983,1.1586555776152458
0.02131164867194222,-0.9732555296460939
1.9011906857530074,2.4138388176748036
-0.060660813814620775,-1.7215927321329514
-0.7084067669104628,-2.6340962260414047
-1.5137143926128271,-2.867966278421525
-1.803139676255945,-4.499066868003775
-1.5841359430054898,-2.6546574217798833
0.2671266510114834,0.5689670507755287
0.5087250232299338,-0.951054166978186
-1.5811907020321334,-2.5074058198425773
0.8950383140761154,2.6008752737439407
-0.4830610516834395,-1.9599847782017323
0.14679301198554937,0.7137775668660904
1.6122206282554243,2.3679430191016495
0.8968393158655319,1.8913490084793991
-0.2685306479058323,-1.8015597027666304
-0.8911922254152874,-3.575490903365152
-2.151815401329305,-4.686447992271579
-0.7191533192424201,-1.5620355847596763
-0.21113023882769444,-0.819940171269993
-0.987179527151184,-3.1583896125249273
-0.13125696709230472,-0.6624129963157466
0.07685188295876821,0.4229985184982704
-0.22485598180807856,-0.4946049937386941
-0.6500025808234597,-1.117504131047706
0.16865467196672768,-0.33280585652077754
0.44194064956940904,2.0555992138549777
-1.090399077442846,-3.356971491440473
1.41093237974627,3.3094250565792587
-0.09858813228426173,0.9847148283914381
0.018849622944847662,0.5186073386385908
0.7082144232565571,1.2139046194482843
0.23321613126350166,-0.06186478413597585
0.9531366339132451,2.942360918872746
0.2871241652018242,-0.8487265948580246
-0.6124373746404379,-2.1949990096605196
0.36150352520610163,0.32544928492048186
-1.1437262073206618,-1.0497986571293254
0.10855970577652314,0.5968870475939423
-0.0332299906444608,-1.0345057397991668
-0.2081168572725397,-0.7265414199299831
-0.12853751143893075,-0.871398166974156
-1.881849045497639,-4.473487083228814
-0.5487249077409615,-0.11856025692514383
0.09284490114111471,-1.186053326981276
0.15985639199740037,1.928493639729174
-1.0276751409259581,-1.2271205916672936
1.2657078408647007,3.622277352333099
-0.8661748482145009,-2.19528920845426
0.9694572005267368,1.7889736819743642
0.42719436187168486,-0.5787630907813422
-0.646227309843803,-1.817117026754409
1.775310892609512,4.044276632862175
-1.19363683175648,-1.091210601731564
0.9191541736100015,0.7311515304175513
1.0005823180429783,1.6356586991006907
-0.6706202090766449,-1.492539638385812
1.3924653000643288,1.3891413979361724
-0.2500465145989528,0.09125621256049476
0.28869362927985703,-0.146603073182895
0.2603218387712207,0.3252533263654175
-0.1343087414705478,-0.7205668548529733
0.8108082731597821,0.8322780405998899
0.793488720552213,1.5799324556238712
-1.7485319732381808,-3.712673525044384
1.3043402428781525,2.2368226034776395
-1.6624919880356743,-4.053445597751692
1.0325462043416573,2.38461707946627
1.1267051368275833,3.9070275421474516
-1.0909664302151982,-2.042045627591269
-0.4108142879545848,0.17448963900195935
-1.1057046684859357,-3.601631262125334
-0.21492103028873533,-0.27208062128370114
-0.30803428418574125,-1.713436887342549
0.7796605322693398,0.08239613700677828
1.3103087461196083,1.8812460847801804
1.395683810789956,3.983266955993485
-0.5621680265783021,-0.1743202244869586
-0.20922187374452778,-0.17543902543465587
-1.6834381922209503,-4.899576944331831
-0.8058700664961888,-1.8080207843803142
0.9648516330974576,2.2314032750966506
1.6155828235482317,3.4067018766750614
-1.234348871879922,-4.31249132724059
-0.5924642591528942,-2.0752463663256604
-0.02640575695892703,-0.11688927806657069
0.2801611588196068,1.0966132271564035
-0.8096035199216461,-3.8153348609432385
0.4240610444640897,0.685998113448321
-0.47383934707091613,-0.8046299242628799
-0.014452270878279104,0.8207074467596549
0.5462842480036996,1.7854260802448358
0.0064222698109378164,0.5954158584306808
-0.4363858905265686,-1.6727122877550715
-0.10960980392583083,-2.1272217449749693
-0.08836295920533532,-0.5697786754720716
-0.3700110298821277,0.2616097654443047
-0.25879606266710237,0.8758624021902267
1.598647170504717,3.907843443307219
0.5609194479412387,1.5511797186842118
-0.29548031802916036,-0.21132098767235524
0.6969544045107356,0.8377900622606907
-0.33381948975600995,-0.7976992730656399
1.1731246375866413,4.015318800999614
0.3696421921980939,-0.2032736213956885
-0.10730214400422888,1.4001745027013937
0.4477169258102776,0.5734056971284969
-1.5708761520684993,-1.81632019504192
-1.1267674689098053,-3.660349947317149
-1.1939250063990554,-1.8019458116334617
0.14294309476370676,-0.45088394642020846
1.732514999485092,2.0497628070459966
2.2313001461926323,4.68113433479621
0.6380511014407572,2.285573991477483
0.5008444749444569,0.15674751129541753
-1.801057734152739,-5.101131428763879
-0.5426737997340217,-1.1771923638029986
-0.7877837519082389,-1.663002832593659
-0.620847598251116,-0.6933755689477333
-0.1681438185847896,0.613306934194909
-0.47209057769712737,-1.0035963366667489
-1.9792998103757877,-2.1030963059573127
0.7479102561175338,1.7200552567703593
-1.0727430257398065,-2.4919125574865126
0.23924686411114954,-1.1330736308805287
2.0740826697499735,3.8855058191837792
-0.9193845915864234,-2.175156128583983
-2.5302875227463297,-4.100270249211189
-0.2860042218801108,-0.10952481969336758
1.100959634998571,1.022550148364525
1.9583474542205939,4.088949294852225
-1.2295495944524168,-1.7875680171757802
0.4966992232365217,2.521429805860876
-0.46531045678005334,-0.04311694614604733
-0.10594835430413566,0.5489499457032065
2.6443433470170348,5.348772688649233
-1.5029703283951532,-2.6176286513668567
0.25373966149457344,1.7569842236953055
0.4676931717654332,-0.3973910539487834
1.0857863249393471,1.8221333226617382
0.09798315347089544,-0.5766024418144499
0.3080505395041023,0.9952541977343288
-0.3916485674217911,0.4469250408072054
0.26912694124510733,-0.058720404230859224
-0.3431922754974105,-3.076688918464259
0.6215718898560508,0.8309230346876315
-0.36961033604363397,0.17425305993013862
0.37710039390218647,1.2918306907542525
-0.029262813684978354,0.3696606204406194
1.1260502507721681,1.9721071996698565
-0.05139372358848624,-1.3818181833967589
-1.7730324682068814,-3.0307706147892954
1.2619215007139917,1.6895611913933586
-0.9057323008626189,0.37263213165521836
-0.6537663386488198,-0.7370254689431237
-0.5956612940434921,-1.7719708906409353
1.3744380931708173,2.1374909389530066
-2.1356742139786955,-4.36429263457098
3.1377485336599937,6.035995145298238
1.0560568090660518,3.228947393662058
0.22323891412915967,0.6328939980023657
-0.05489400061628639,-0.8414197401411009
0.28555407485765694,2.4615488348710963
0.5211224283793383,1.0915531882788994
0.645215585950057,2.0592708478690107
0.5556044660034485,0.5029824245621377
0.08958068125524882,0.5422769902550211
-0.1973384203073261,-0.08356684947145698
-0.1512732836535117,-2.1921958594031765
-0.194908280352681,1.625458549755278
1.1337700968670645,3.558184654656676
0.5935567222808619,0.7899181284157362
-2.9403886346642802,-6.983047009784416
0.655900776529761,1.659363166863074
0.19473619471877485,0.4761700888519463
-0.018708756445897416,0.31825143567143455
-0.38851845308888583,-0.585459509983682
1.1241127199860135,2.754466429277953
0.9475264621228578,3.342358623637522
-0.7728776678236091,-0.9776521305185721
0.4070522871245351,-0.2355509246608709
-0.971656734541286,-0.5807506163701199
-1.3796181647889305,-1.1186217660895736
-0.6267172245899651,1.8986222853321546
0.8623934723827588,0.6012929115259196
0.9531250453760867,2.1491321039024482
0.513085420097293,-1.0559278629944013
0.7250957868479971,2.0033407300752035
0.5161782871149584,0.48415627606314415
-0.6414815952229522,0.6404826043790488
0.43192254467394064,0.08923011932929936
0.8004095252276823,-0.08836398751189711
0.7542913298135743,1.0373189189246288
1.188913371474643,0.4023389717321484
0.7083038472010638,2.1677071489094377
0.3514482075415829,-1.3621866311731547
1.0701502383164274,2.1687580578160137
-0.026521259249060063,-2.130854338354317
-0.8818746512277178,-2.0840471069920774
-0.16306696394376388,1.3172442279170062
-0.7449026448064491,-1.1291573981771033
