normal,exponential,uniform,gamma
0.4967141530112327,0.18330113513507695,-1.123724763592569,0.9997083352968696
-0.13826430117118466,0.11044881728507568,-1.8531145499967154,1.9545835955016986
0.6476885381006925,1.0117841147041304,-1.5678969834772345,0.22828350961257243
1.5230298564080254,1.2257949395115995,-0.6445574026449936,2.601552589378801
-0.23415337472333597,0.03209574673603211,1.2103427183192514,0.9835938479165959
-0.23413695694918055,2.7521940544489087,0.28819457347720334,1.4396150715144713
1.5792128155073915,0.05337048567900803,0.050670903825665636,3.1137269839809028
0.7674347291529088,0.779350888095622,-0.8260447071675134,3.913736974066737
-0.4694743859349521,1.234640004061239,1.7270148777312655,2.6572057018922917
0.5425600435859647,2.047703552454761,-0.4119398350512333,0.5871183448746455
-0.46341769281246226,1.2520674728720262,-1.651628932816914,2.5653846337375525
-0.46572975357025687,1.618115872596726,0.4682660644712051,2.6869480927973486
0.24196227156603412,0.4146827491464336,-1.5446464260935944,2.32945813368538
-1.913280244657798,1.6864545693479234,-0.6191074287932317,4.341117179521722
-1.7249178325130328,0.08350644975816265,0.0296477548712355,1.7772455780402405
-0.5622875292409727,2.252050318785216,1.4968900987407032,4.231192799235343
-1.0128311203344238,0.7931716828789295,-0.025813678639525328,4.2141837541390705
0.3142473325952739,1.6998976096655187,0.809035064126657,2.7397643301719614
-0.9080240755212109,0.6020609719350464,1.9712673559962814,2.07961143965693
-1.4123037013352915,1.0316390017200887,-1.4740435204080735,2.338999903430838
1.465648768921554,0.7473978139587696,-0.9010738979219219,4.965524528470372
-0.22577630048653566,1.3152378349869207,-0.4216956976094144,3.4680550856672383
0.06752820468792384,0.08515489988895616,-0.31268728584467453,0.657472570384885
-1.4247481862134568,0.062250031319015076,-0.35591569893781694,2.234977941067971
-0.5443827245251827,0.2838271575399164,1.6304440102262197,0.7943986277861246
0.11092258970986608,0.17381148651515005,0.8561305778674257,0.9586086494091277
-1.1509935774223028,2.0540355570023983,0.431620856362815,1.2326423516242937
0.37569801834567196,0.24745415818055394,-0.7625091285488717,0.4309621840754582
-0.600638689918805,3.7241028094340933,1.2951615368851788,0.7479727428387368
-0.2916937497932768,0.4108231243314293,1.8202420459399558,4.498068771668213
-0.6017066122293969,0.20103710397885288,1.2847931302009061,0.9534876884126183
1.8522781845089378,1.5592130975943475,-1.9937395792341084,3.0311598262780923
-0.013497224737933921,1.0750162053415186,0.5456054807336281,1.8984987925843275
-1.0577109289559004,0.6895451087234338,-1.795458474231597,2.487798131635824
0.822544912103189,0.8104982991156207,-0.9695711186651126,2.5626901182495994
-1.2208436499710222,1.2701189397289663,-1.7619011986089133,0.7176737019243619
0.2088635950047554,0.2593599456867067,0.415181811797551,3.0189598975295158
-1.9596701238797756,5.6086312320477045,0.7463596539704271,0.5281419382518554
-1.3281860488984305,3.680639977890095,-1.5420494477363795,0.9192637063496412
0.19686123586912352,1.0507530901325568,-0.46464446782008206,2.5366344443193483
0.7384665799954104,0.22257177846889334,-0.17505396417783192,0.6742576665130384
0.1713682811899705,1.1401477952753687,-0.5237879129563336,0.20001193419255373
-0.11564828238824053,0.07493737183429329,-1.5158999980592278,2.160041000172418
-0.3011036955892888,0.03113211652361948,-0.32420883925009836,0.35279401293664675
-1.4785219903674274,0.29797875313889655,1.0047121912336725,2.70616778336335
-0.7198442083947086,0.6210553018734389,-1.7159693418669781,1.3063475488291112
-0.4606387709597875,2.0270199251908405,-1.6792799436723862,2.1377251419893324
1.0571222262189157,1.298902978817889,-0.5809148326560631,2.1090470492766515
0.3436182895684614,1.357537904749322,1.7669028464757002,2.8470210657872133
-1.763040155362734,0.5542435794074139,0.6742905868916562,2.5889910098750364
0.324083969394795,0.4245485326894826,0.7146798266902592,0.6685338778082154
-0.38508228041631654,0.46368565054729705,-0.5523200366485401,1.3710013879981817
-0.6769220003059587,4.394063891516504,0.3746431648341537,2.135899780238809
0.6116762888408679,0.04093574204392867,-1.9594752638890265,4.2816228592513985
1.030999522495951,2.017642991755739,0.5443841856381688,2.6056519768199817
0.9312801191161986,0.8643517413526625,1.653147790304947,4.038332114705397
-0.8392175232226385,0.5773490810346595,0.45029387337927673,2.21756828134928
-0.3092123758512146,1.2919215674888704,1.4947943738653802,3.5091155625794688
0.33126343140356396,0.666834303599214,0.8958922218643752,2.0096854913569246
0.9755451271223592,2.066906341267767,-1.517766334385239,3.4126870215019367
-0.47917423784528995,2.3096284796203745,1.6098132291433669,1.2529118258974372
-0.18565897666381712,0.5476987013540248,-1.7342246225769005,4.609409395985574
-1.1063349740060282,0.3241079070851419,0.1358698901910551,2.3988596958323223
-1.1962066240806708,0.8973471219409093,-1.4314515048261693,0.4342510972582855
0.812525822394198,2.434555939523599,-1.9531735570763837,2.1877808476985394
1.356240028570823,0.23656089895002455,-0.311862959489444,2.6116353234544905
-0.07201012158033385,0.9754214576995756,-0.819837169383375,3.090608534225401
1.0035328978920242,0.9984780002255434,-0.05599802480958793,5.676470595300777
0.36163602504763415,1.3209300151268555,0.3087995469382032,1.0952992169451723
-0.6451197546051243,0.14106562970266043,-1.8250437107642106,5.701141626130688
0.36139560550841393,1.2581649091271099,-1.5079868195050175,1.6714423126181341
1.5380365664659692,2.397253206289245,0.2345695858017014,0.8801417379207344
-0.03582603910995154,0.19806456078014456,-0.6273305873093671,1.115367650310559
1.5646436558140062,0.27120959168716197,0.916693950197792,2.5040707158475355
-2.6197451040897444,3.5541770388615115,0.6091665943677587,0.7693174328460385
0.8219025043752238,0.1996430547551579,1.3824174519596273,1.2703648661570681
0.08704706823817122,1.926789767756658,0.7699713066769012,2.148838978165342
-0.29900735046586746,0.6778209425535491,-0.2802756904394075,4.5859133025570005
0.0917607765355023,0.28399696999437046,0.6918664895777296,3.030103452091785
-1.9875689146008928,2.046006001744849,-0.8984753029783259,1.7234774016308396
-0.21967188783751193,0.5893373255599558,-0.7747460048871493,2.496049745081224
0.3571125715117464,0.7232298691011181,1.1559406396831733,1.9980272201353049
1.477894044741516,0.44508995917780786,-0.2143219343936713,0.5785774607295389
-0.5182702182736474,0.8988213426850785,1.19352136207341,5.115409337754099
-0.8084936028931876,0.17855729761763137,1.2896894946731137,4.633887723199491
-0.5017570435845365,0.49607090636347356,1.430249350645135,1.5730119167736243
0.9154021177020741,3.487158041821144,1.6665409433648293,1.148932258425004
0.32875110965968446,0.2985858804240062,-0.27605911794681504,0.5916829628155067
-0.5297602037670388,1.0692573845171027,-0.7245327267154447,2.606767249421684
0.5132674331133561,0.39332420438892707,0.32879498637645543,2.618645846830434
0.09707754934804039,1.484891690707165,-0.5153103062494897,0.8290131111009973
0.9686449905328892,0.14026677961013675,0.4042966672009318,2.015331300879843
-0.7020530938773524,3.5006104544244,0.8223434505752985,2.9658856499835857
-0.3276621465977682,0.6047509221647378,0.7536200739685475,1.0849073736246544
-0.39210815313215763,0.26925354349772024,-0.5017884519195146,1.4256782114566267
-1.4635149481321186,0.07633772255593707,-1.3325591932049887,1.4147790404165121
0.29612027706457605,0.18603794010459393,-0.27788264615116987,0.8766930641263881
0.26105527217988933,0.7334983454295815,-1.429623423672365,1.4487100939267723
0.00511345664246089,0.41098507980516663,1.5603881407352334,0.3602673204038059
-0.23458713337514692,1.7654098841221575,-0.6164901570485704,1.3573337179680711
-1.4153707420504142,0.5636771906855924,-1.3821610111067049,1.3739310800762048
-0.42064532276535904,0.285969236975851,-1.8982089603769965,1.5881942733575
-0.3427145165267695,0.9600989165734678,0.583289545145937,2.3654060810868924
-0.8022772692216189,1.2268226069593449,0.547609269818973,0.5459331956867132
-0.16128571166600914,0.18277194768584681,-0.6375833336748333,0.6508836539977311
0.4040508568145384,0.1834652701307607,-1.713152444609396,0.8571401661871452
1.8861859012105302,0.03736072800948274,-0.3614844204190719,0.4908939863058274
0.17457781283183896,1.333330120789834,-0.7551300197464257,2.5589104649178624
0.25755039072276437,1.090062525147099,0.7084825589400374,1.0456411132054129
-0.07444591576616721,0.6436541696352928,0.4231169978107614,1.6264074545435676
-1.9187712152990415,1.8589924906761501,-0.54162508720984,0.7937727689760894
-0.026513875449216878,1.6381983211693514,-1.1284297829800396,1.2441635464450016
0.06023020994102644,0.8803310136359216,1.9521438646223674,2.0863996523895674
2.463242112485286,2.0270106265290027,-0.18399351521554053,2.160271165941869
-0.19236096478112252,0.23047185037057355,0.7530969431209482,0.677440487246194
0.30154734233361247,0.11869302139028458,-1.437788129686557,1.5647632561300213
-0.03471176970524331,0.31436780572810796,-0.0576412013624088,0.8059376582402354
-1.168678037619532,0.05878110672996271,-1.889853120522138,1.5204216042083927
1.1428228145150205,0.7575140428339439,0.021820471641799788,0.973444537650841
0.7519330326867741,2.7583812054019665,1.8560696284708094,5.328466176250168
0.7910319470430469,0.04013841640938223,-0.4631731480567991,2.9541618013078415
-0.9093874547947389,0.13023387998311675,-1.8440159497003537,2.228500880303534
1.4027943109360992,0.6018432483019309,-1.8761768363226259,1.3319327974375812
-1.4018510627922809,2.7162086538759946,-0.44805296021252206,3.0131773565069344
0.5868570938002703,0.380025611056787,-1.3599002541472238,1.5999240919665505
2.1904556258099785,0.7077225037713452,-1.9065916146872564,4.976620843166164
-0.9905363251306883,0.042461733001051695,1.0248544558007073,3.2214440850601753
-0.5662977296027719,0.16057165133641893,-0.16590796447243727,1.2368715332074345
0.09965136508764122,4.314751084533379,-0.8430209121093819,4.608075156575967
-0.5034756541161992,3.355804307819909,1.6003327320659229,1.3373770818174069
-1.5506634310661327,0.004952222973827616,-1.5354441591978976,5.531539429239286
0.06856297480602733,3.0326407986788153,1.8236753158212768,4.770340066411562
-1.0623037137261049,1.019209613568501,-0.7441331304905887,2.078188716024413
0.4735924306351816,2.0243345669765107,1.553614689234725,0.3753411399028164
-0.9194242342338032,0.6064922690920095,0.41177150591784617,1.9624788399237496
1.5499344050175394,0.7248360686977711,1.3068294389659498,0.6135082874267554
-0.7832532923362371,0.67108549950886,1.9360526528418571,0.9986298610454313
-0.3220615162056756,1.0992052370655834,-0.8463782487250171,1.0630512133312007
0.8135172173696698,0.15041745420945718,1.8445419416303719,0.6085087967821217
-1.2308643164339552,0.03043198091997127,-0.4420724203903186,1.9679050039044899
0.22745993460412942,0.3680680880137809,-0.45795238105231073,0.9010244351884652
1.307142754282428,1.2196983475408394,-0.6384515829819772,1.3864230726345976
-1.6074832345612275,0.22546305443661036,0.16563042939034078,1.0706343153667846
0.1846338585323042,1.119118409331979,-1.3834198272860516,2.3726445182906124
0.25988279424842353,3.5036303902292096,0.21484594143204472,2.2517869209161696
0.7818228717773104,0.09860639372178696,0.16681924964001604,1.3000329886728221
-1.236950710878082,1.1165790839045362,1.04760725041948,2.4568446965593496
-1.3204566130842763,0.5865378397571736,1.3345998477503422,3.809991370059111
0.5219415656168976,2.0260316221935164,-0.23823459875030384,0.16342720954974477
0.29698467323318606,0.1949810990586438,-0.790667002594025,1.020122099964138
0.25049285034587654,1.1796898763803538,-0.9626604107316221,0.7264264669357021
0.3464482094969757,1.8208708615976457,-1.2215046531805123,0.9446671289784699
-0.6800247215784908,2.893432387380273,-1.7694096712039005,0.12533361986943298
0.23225369716100355,1.149636234984622,-0.6302080846611466,0.15435643791883344
0.29307247329868125,0.6875126126115396,-0.919009231476867,1.1011809065694378
-0.7143514180263678,0.9619348555509415,1.8656695434656294,1.0754148479529895
1.8657745111447566,2.0318329093679113,0.23083530500017568,4.178267975614057
0.4738329209117875,0.8453890920690058,-0.6108918438779698,1.8557609053136215
-1.1913034972026486,0.030858317733905197,0.32187040397478395,2.412717962547131
0.6565536086338297,2.672905507299173,-1.443213194617218,13.610232684515386
-0.9746816702273214,1.1696575360111503,-0.22382500319118837,5.031947059181498
0.787084603742452,1.128597543879489,0.5049372856842553,1.6085983608972252
1.158595579007404,0.24293199801802395,-0.04440867283019445,1.1767816102382918
-0.8206823183517105,1.0755369936680887,-0.392884797382703,1.0339437535326663
0.9633761292443218,0.5006515648958588,1.9753935555987927,2.129279007957594
0.4127809269364983,1.0533511356872365,1.521259048595708,1.185033022963977
0.82206015999449,0.11271306878269605,0.49362383263776044,0.5920364392189047
1.8967929826539474,1.0724923184658566,0.2775094447291311,1.0666785450080127
-0.2453881160028705,7.4417229097044055,0.4826419192983362,2.1735792917642662
-0.7537361643574896,0.04941299889430069,-1.194751568710267,2.7175352765287464
-0.8895144296255233,3.7798631125622286,-0.41944902694272557,5.373565642915617
-0.8158102849654383,0.5224056824545973,-1.8421618684364027,1.796504120751665
-0.0771017094141042,2.046033461015753,-0.09781585005269333,3.9618218332107
0.3411519748166439,1.5250300569342925,0.1720983358306527,1.427737482737432
0.27669079933001905,0.8370551059265524,-1.0890010555871616,1.5851658732513558
0.8271832490360238,1.3411267858526585,1.856115388662055,1.5210736347425475
0.01300189187790702,2.1079691009583397,1.637818443748968,1.9595114247080203
1.4535340771573169,0.5177500786487027,0.8885729418236235,3.0593869413532375
-0.2646568332379561,0.39605922479100647,0.13354651506145032,1.145027751653363
2.720169166589619,1.101396317172307,1.4798766385907398,0.7620717979876594
0.6256673477650062,1.6494578429710733,-1.4773906247061483,3.229165154878983
-0.8571575564162826,1.436683368820512,1.16203917709954,3.0727458322488554
-1.0708924980611123,1.5985654764477755,-1.5007167441326068,4.382424094128679
0.4824724152431853,0.5719624967418865,1.1768426501976217,1.002207634978257
-0.2234627853258509,1.7028381063858633,-0.8969297269945722,1.3875378166310834
0.714000494092092,0.12807096265357146,1.5083623240727557,3.3126792042940307
0.47323762457354485,0.7863356283442829,1.7761683753015913,1.1340506153723455
-0.07282891265687277,0.0057753055162538544,-1.4048161223795375,2.6377981640216728
-0.846793718068405,0.39242919094318784,-0.14929757973842595,1.4326270152890295
-1.5148472246858646,0.45643456262918614,1.9239495126507404,2.121003094408577
-0.4465149520670211,0.5044670351886674,-0.06637025610741354,0.5806988477332483
0.8563987943234723,1.1889765020311442,1.4541900900581806,1.7791095589440151
0.21409374413020396,0.4919353427114065,0.3549260885252794,3.758727321538659
-1.245738778711988,0.5954645855639285,-0.49868036832159257,2.885228311242309
0.173180925851182,0.2712106487319779,-0.8568657778965192,0.7172552599051062
0.3853173797288368,0.4672104005506762,-1.187107635655651,5.093322133217807
-0.883857436201133,0.25782509753304883,1.0471927655107889,3.604639332725947
0.1537251059455279,0.07601308825538722,-0.4538379727078885,0.6075657503435521
0.058208718445999896,0.9249495953184562,0.04510184880300461,1.072785423894028
-1.142970297830623,1.103261475071069,-0.030698079995272298,0.640924330623535
0.3577873603482833,0.9662437301484182,0.30911611693252494,2.1644251720166134
0.5607845263682344,0.6226776150169474,1.462308582498209,1.0334569893376828
1.083051243175277,0.4776903447798999,1.9229573743337176,0.21625400523754473
1.053802052034903,1.990212721894755,-0.36966316570473223,1.5796214295790363
-1.377669367957091,0.7320580548015936,1.3100756884252123,3.1418078427309717
-0.9378250399151228,0.6523543915152494,1.0581111786188706,1.8069561101577933
0.5150352672086598,0.025976553942014473,0.294115805822293,2.471357472565194
0.5137859509122088,0.41740788141079765,1.8241885744477324,1.9381577553365175
0.5150476863060479,0.4783513648988052,-1.1981019378863889,2.802433239739994
3.852731490654721,0.5088655141979992,-1.5629431587615144,2.0678849229672402
0.570890510693167,0.8679110548652706,1.4158478678216886,1.513216267502533
1.135565640180599,0.7627171043528689,-0.2434007334650068,1.7901393712605778
0.9540017634932023,0.9362513582748198,1.387875416828242,4.490840720327109
0.651391251305798,1.4476731287868811,1.5723608207816597,2.57110953879857
-0.3152692446403456,1.6765704014851648,-1.7501696255237142,0.7150484564369035
0.7589692204932674,1.266284743831391,1.5338590519442428,1.76870800698029
-0.7728252145375718,3.1127987250042053,-0.20672377852231127,2.136381821801628
-0.23681860674000887,0.018400844582700027,0.04172995601692886,1.4741558506797903
-0.48536354782910346,0.21787991071251295,0.5063700443728409,0.21772889853289287
0.08187413938632256,0.007591618531415689,1.705530426920347,0.784396336093237
2.3146585666735087,1.0426329264077516,-1.9235356222809439,1.1876975157266558
-1.867265192591748,2.283082010066477,-0.0926261267287316,5.484424725900063
0.6862601903745135,0.2790293442777735,0.7508881697222427,2.3761745335923172
-1.6127158711896517,2.617769166223719,0.8908278307929138,0.3608788044403948
-0.47193186578943347,0.06215990193872064,0.7701297261484319,1.548681892590269
1.088950596967366,2.724728923000118,-1.4622594823675126,4.031031370974935
0.06428001909546277,0.4332824793065384,-0.8024176465132751,1.0210701866230925
-1.0777447779293061,0.10694046139193686,-0.5651378983319462,3.3987384947958486
-0.7153037092599682,0.6652825488994116,1.21774883071802,0.374050688953947
0.6795977489346758,0.2967585630781719,-0.8849605103417879,0.03234807538731978
-0.7303666317171367,0.33529499259166196,-1.1571801445311873,3.746013979222219
0.21645858958197486,0.3671437871612786,1.8297920761523847,1.137383648640146
0.045571839903813784,1.6246830199654234,-1.9645468595461244,1.2137221354322356
-0.6516003476058171,0.7747071381382604,1.9912834227279128,1.9247880336243677
2.1439440893253257,0.37296069575345253,0.7072851954295825,2.3164720328928583
0.6339190223180112,0.9424647609545124,1.3138771977964683,0.07616185794687742
-2.025142586657607,1.2593117246481014,-0.8215224146152273,0.9531195329708994
0.18645431476942764,0.31831174220804603,-1.94273888933176,1.7439805694447617
-0.661786464768388,0.5336663339591021,0.9514780742461202,2.31270172947545
0.852433334796224,0.12997895952140054,1.3365783880027031,0.7071362553104611
-0.7925207384327007,0.19985356772213872,0.9619045278140765,1.4139090273752168
-0.11473644146689901,1.1429336926261702,-1.4285988507966456,1.018342272664636
0.5049872789804571,0.20020656148364724,1.0137116890278763,1.9732098458760292
0.8657551941701215,0.7447844997321,1.075691128430564,3.6555154445263125
-1.2002964070557762,1.2345909994396855,0.6341620626802196,1.2691620191583537
-0.3345012358409484,0.11303088352047043,1.0644637311823448,0.4489668094620458
-0.4749453111609562,0.8377388725681468,1.3836857587109286,0.9083073249672035
-0.6533292325737119,0.29647096009248414,0.4544164569498337,5.059612671805782
1.7654542402810969,3.294862971807926,-1.6455811441212838,0.7872218294479028
0.40498171096095553,0.6607683713268071,-0.04948876133115654,0.5465783961331212
-1.2608839543350452,1.6398587174353592,-1.6894026613135797,1.206255564473956
0.9178619470547761,0.7990112499936112,-0.36982787587027666,1.5489884201985324
2.1221561970126332,0.044383049279866124,-0.37157404349748946,1.0724443722279218
1.0324652605511468,1.0028059835743524,-1.7359606234390337,0.3763801445187985
-1.5193699659540134,3.0242005201247326,-0.6047178641220827,2.117269966548828
-0.48423407286625136,0.9203284227538245,-1.5560076048347407,1.9747239674805317
1.2669111491866227,1.7103022147077291,1.2329408400368886,2.73045936308448
-0.7076694656187807,2.1559465301540333,1.790752103857883,1.9417552880296423
0.44381942814622843,0.25887406583650024,-1.7107340989682456,4.78570606297277
0.7746340534293368,0.23831409418015576,1.8204608291668056,2.8810389980956574
-0.926930471578083,0.9441270647095303,0.09030639734698065,2.4874421400785325
-0.05952535606180008,0.5293774323335773,-0.8017372881845044,3.746611901657497
-3.2412673400690726,1.8317149821689238,-1.692551698895346,1.8545167744190005
-1.0243876413342898,2.302816353712856,0.0024970722816712865,1.4380695642921342
-0.2525681513931603,0.4360604784235147,1.1780621779629947,2.0997614148386834
-1.2477831819648495,0.27032761460844307,0.8283459090667926,0.20365340129477344
1.6324113039316352,1.5165192957924487,-1.799095954144105,1.858995325003087
-1.4301413779606327,0.32131612273416577,-1.708392658528386,1.5476709612866153
-0.44004448669698376,1.729428925519035,-0.38850686946945157,2.2691912313739175
0.13074057728609134,0.5511933007554102,-0.8188380238082269,3.40568929069643
1.4412732890661155,1.1012655032053702,-1.0704627077758087,2.5392278748985078
-1.4358621511794394,0.1004120172911258,-0.8759820043651456,0.910504191586185
1.1631637521549596,0.9777920690653742,1.2139309731875385,3.033142319638251
0.010233061019587049,0.601056137962785,1.7169122145274156,4.831818342720789
-0.9815086510479509,0.8833601040666048,-0.3795892218897343,3.4660931153955885
0.46210347426327075,0.18393991492315792,1.6244440085299883,0.49259623454458235
0.19905969557347003,1.3351213047485326,-0.7140171950084722,2.520209683050073
-0.6002168771587947,1.9862942632118776,-0.09425205462483355,0.571736987920212
0.06980208499001891,0.24429032668853937,-1.0958840087360011,1.3272072735833853
-0.3853135968617602,0.10061021126280097,0.5619041687033759,2.2209593189624988
0.11351734525124804,0.02392245993157399,1.9159244606992356,2.012853594007868
0.6621306745210467,1.0271426880495873,0.41397238417351456,3.420225595764783
1.586016816145352,0.934184973323918,-0.5687436635458045,4.84739027773923
-1.237815498826849,0.7911954133835657,0.5912697839621135,2.384641581366051
2.1330333746562666,0.26389666294128883,-1.5083172861384497,1.2458644280471307
-1.9520877995225019,0.4957826650652052,1.5546363210615946,0.21721460249037094
-0.15178509503558332,0.902576047539322,0.012335803119345456,4.013623639721806
0.5883172064845765,0.6867017149919159,-0.20260103184143174,1.554099728948099
0.28099186773503265,4.405133163381326,0.34345915381407677,1.61863216890034
-0.6226995198205938,0.14669161261532732,0.4991354511576098,1.7205891225579377
-0.20812225035727522,1.1879175624204636,-1.7128967750939479,2.306491109068545
-0.4930009346588328,0.5180496008103994,0.7304688848936096,2.355686523418248
-0.5893647569442115,0.5589653256517157,-1.0322732787378817,1.34447074568578
0.8496020970210246,1.264422861419053,0.8558105300263592,1.5419817856320088
0.35701548596504734,1.1790725753198146,1.290139177536787,1.003274881140946
-0.6929095952606542,4.73938680786437,1.2158340302100812,0.9098716678550756
0.8995998754332507,0.1374181241365831,0.21000386963155648,0.9059554032780802
0.30729952087660933,0.10993725004065541,0.08067956924300468,1.5278416829282073
0.8128621188389601,1.2885827656735422,-1.4284961546423531,0.7564147237475232
0.6296288419236122,0.8636672504679804,1.1013846016125424,0.02586048512545218
-0.8289950109220723,0.32042659245002614,-0.9143624782131425,1.2280932655345356
-0.5601810401969696,0.08275068734779747,-0.013218308728213835,0.5252051264144759
0.7472936051232618,0.08955087106390794,-0.8629036282899332,1.8119400397188838
0.6103702654334648,2.246118512465589,-1.4646865480012274,0.9998891472316964
-0.020901593964148132,0.21302903185996402,0.5182307875669463,2.3272378507686504
0.117327383308782,0.3906329929475808,-1.7826718607083847,0.5764447770524825
1.277664895788425,0.2570318300956333,0.9945809365048,0.27379706811826837
-0.5915713888358299,0.43849923481042075,-0.7296528189555334,1.545012209705356
0.5470973811700379,0.07195136073162983,-1.9994612279820587,1.18526698467885
-0.20219265243389406,0.7320123220255348,0.044516556948919206,0.47898142753666184
-0.2176812032272203,0.07000684637744137,-1.8125923658895875,2.882661548992331
1.09877685198719,1.611222042159252,-0.8953217687164021,0.6787430436665497
0.8254163489880298,0.266197307684206,0.8279059498228647,0.8717751960837952
0.8135096360006385,0.7765546911485947,-1.7492415135125365,3.2694837907229437
1.305478807154329,2.120922816489742,1.3573539694240093,2.4248967534028396
0.02100384163275905,1.052332040410264,-1.9847203093656676,0.6092958748305087
0.6819529712949639,0.7613356325747317,-1.012704523192391,1.2750550483640801
-0.31026675659345604,0.39205604248414605,0.9636162246082858,0.5498762721817827
0.3241663524884421,0.4049681012238468,-0.7349194010827729,3.1071350979809567
-0.13014305436768459,1.1071091505697361,-1.5924304477359459,3.1056807612947948
0.09699596499271819,5.1394966747073045,-0.5590643247982885,5.320242165571744
0.5951570254369136,1.0842337269652311,-0.9184268544618979,6.688347148972094
-0.8182206832334725,0.8159555109679812,1.3708476086422197,0.9896954941081308
2.0923872756854602,1.3117455241928113,-0.7466083296594275,2.7664795570867424
-1.006017381499702,0.6258729279824089,1.155729887104029,0.22602778998038586
-1.2141886127877322,0.06202684348321755,1.567488579242939,1.9173394139629327
1.1581108735000678,0.826214260143961,-0.2647303216938819,2.2784573027190365
0.7916626939629359,3.161203427295335,1.639772575417568,0.7147562748045005
0.6241198170521551,0.19273916294070353,-0.4907277841472286,0.9365422313245113
0.6283455092642799,1.171198758468258,1.8563136659604327,3.1202573613783104
-0.012246772846914623,0.22431134374225795,-1.6428419018977083,2.3196998226472427
-0.8972543714858315,0.7674994260264465,0.748077066012971,4.878540825739533
0.07580455819372633,0.10167448370236089,-0.024743838172285315,4.507972705751979
-0.6771617115121117,0.5985116578458807,-0.44940477817741176,0.31234377378893186
0.9751197334177512,1.4112566585424566,0.5308475149944036,1.0771507068552129
-0.14705738150213865,0.42705376148545415,0.8154283665373248,0.6453151372768999
-0.8254971967925115,1.0933612728760884,-1.9825469213987637,2.8483245684492267
-0.32138584165299344,1.5869426429163502,-1.3321876450112051,2.0604813042776007
0.41293145427562433,2.619734692704209,0.8521842025372748,0.6889679057821989
-0.5637245528039747,0.2674116877155556,0.6655416543128259,0.7950155601419622
-0.8222203955664315,0.5096861329145348,1.8641900205147088,3.856415050981009
0.2436872114919123,0.1653653453224028,1.044151161003132,1.1832699789997754
0.24496657110872277,4.890654962048055,1.8030908309253522,0.18081577664545134
-0.5069431753711298,2.6173090971585724,0.8101620061392278,0.6312147395716362
-0.4710383056183228,0.7764355987991227,-0.8077911654422274,5.552484584191998
0.2320499373576363,1.8453709920619716,-1.578540310996574,3.3349199182515927
-1.4480843414973241,0.7359669552982863,1.1272954533797424,0.5148147538485737
-1.4074637743765552,0.9770648486217308,0.5765968859036636,1.9166803124050495
-0.718444221252436,0.0933489795430218,-1.807255950426815,3.1944091987856966
-0.21344715171184725,1.4076014351557389,-0.5597981363960867,0.30730785627903706
0.3109075655980046,0.13663733522890711,1.8271992619371447,3.4411606579573806
1.475356216949552,1.7490887349353392,0.0016045828408048912,2.3037747526467744
0.8576596232020194,1.5233890670186652,-0.26908345592118144,0.8880329535304984
-0.1599385299634271,1.233555069093609,-0.1692015793628241,2.573056295834684
-0.01901620790268883,0.03683036805155312,-1.164469103979345,2.081980834308571
-1.0025293646378088,0.36115404005155016,-0.5251713165408192,2.187735263143341
-0.01851313599238993,0.3053201391791275,-0.5207469760512935,1.8652526159811194
-0.2886586389201383,0.446500262019517,-1.7905799192501104,0.7683509251083402
0.3227185603380895,0.09172364057237763,1.070270514071673,0.9059150767090931
-0.827230943552323,2.763951300892074,-0.3339822723844841,1.3777789754682952
0.5193465142411723,0.8069930187631815,1.2887195472656932,1.72676416853222
1.5327389130025777,0.36459812194760216,1.4013920044795816,2.681761931174404
-0.1087601484568576,0.5058074311065991,-1.1520237812053677,5.638738271541136
0.40171172209894146,0.5927636022426302,0.6294139286805143,1.9836734870145372
0.6901439917111125,0.917777670220792,-0.11087278334807316,2.648349001254789
-0.40122047188583626,0.7250082520454396,1.5206269516859403,3.0831631895818385
0.22409248181041677,2.5181570465176466,-1.1370372832941835,2.7817525806891092
0.01259240078179486,0.6870925129207895,0.7112528012401769,0.7415453553728885
0.09767609854883172,4.848263265360235,0.4310084890108903,4.1003864973407484
-0.7730097838554665,1.9066651133282804,-0.8187940897126689,3.6798134254446455
0.024510174258942714,0.23383868383943188,-1.4535963853953096,1.8461240361994247
0.49799829124544975,2.667799460588854,0.6065590419091063,0.7833672290209635
1.4511436077950417,0.12371277950994294,0.9543898325293227,1.7057385465060109
0.9592708260852069,1.7007295740107258,-0.7374906249466,0.3543137345566454
2.1531824575115563,0.47904161866709716,0.5793304160892552,4.458485387703147
-0.7673475628880495,2.103523768243236,-0.4194763695539869,0.9805192221704506
0.8723206367206782,2.0253829191556267,0.8528275331304709,1.3217799526050993
0.18334200573835174,1.6395126583574475,-1.2031389004237876,4.250616069565415
2.1898029332176723,1.560792693564261,1.5608600105446975,3.9185065587829704
-0.8082982853551515,0.36338186959178675,-0.8503616141376811,2.142247761331872
-0.8397218421807761,0.08438132920074946,-0.5288560489753884,4.902802551964478
-0.5993926454440222,0.5158049647422996,-1.7676321916786009,0.7197672773906844
-2.123895724309807,0.19058502336665756,-1.5539511507148944,2.1430558138541036
-0.525755021680761,1.187283150977474,0.0634476108493125,0.7253737283538735
-0.759132661553698,0.4248004262131064,-0.929629293088114,3.530027249574712
0.15039378647620763,3.713590302127083,1.3419209029687775,3.4466949936128786
0.34175597577715944,1.0243551145361243,-1.9412264453801846,5.131000319546509
1.8761708392158862,1.7286751754099376,-0.48362380531225524,1.6662617498620955
0.9504238381860503,0.14216820876655945,-0.6506178129236293,6.070698483130305
-0.5769036556624031,1.980606543336451,-1.9226894763295959,0.6698855022359888
-0.898414671348358,2.560801448616133,-1.5025264039979591,1.5980398898125783
0.4919191715065057,0.6676001405482493,-0.34542930032545893,0.6929658113925538
-1.3202332070206422,0.9320465498249906,-0.02854166221021348,1.9329102559256628
1.8314587658543537,1.4473607343318378,-0.3828410109805236,0.7507670046089379
1.179440120721287,0.19217630845457928,0.12375071364837531,3.5365378779327648
-0.4691756521047048,0.6982925482163945,0.3805266996227261,2.3584449394107545
-1.7131345290908775,0.5085998156695678,-1.9603047154886575,0.6169221474160943
1.3538723741654128,0.15826211104526103,-0.14361936218598448,2.9932831107620443
-0.11453984525261789,0.4581294824567315,1.8539969635503533,4.676953883466165
1.2378163119734618,0.07060736270411021,0.07612912051819487,2.5230696318258827
-1.594427658794367,0.026150879968812647,0.7101690698358127,0.45212403148869373
-0.5993750229537729,0.1452180323285636,-0.7525445683324672,1.4816505574655507
0.005243699718183166,3.2999533399771077,1.0959655126110501,2.7544919445040907
0.046980593764742055,0.7974627665581229,1.0916859275044604,1.3725878514354115
-0.45006547147924364,3.3761778318841063,0.0851841906165558,0.6617556641840484
0.6228499323474987,0.5665107910082499,1.9040552931168544,3.812277099233179
-1.0676204293825944,0.37369922833070407,-1.4977991409493865,1.325826045013799
-0.1423794850212935,0.7055069747772997,-1.932209340441676,4.67886272709027
0.12029563171189886,0.5789468906265484,1.080632847028384,1.082033192555644
0.514438834058749,0.11167450059839193,1.2286221494595302,1.2641592430023294
0.7116148780888898,1.0239492043974927,-1.519171083517695,1.0115897669236253
-1.1246420918378692,0.24339496199833066,-0.9376686681655757,1.4618516647563793
-1.5341141707356223,0.9665002845057638,-1.9297905465334844,2.3308910539999177
1.277676821898509,1.0503968393246197,-0.8267655568777412,0.6948246301707484
0.33231401197959165,0.16490395155444643,1.092567495674686,0.5771003844989513
-0.7484865365565536,0.06331220895053138,0.07184211085031578,0.2995347096332231
1.551151975522523,1.5175954932239302,-0.6076176273268477,0.25782929512727476
0.11567463429285867,0.6158166220913863,-0.5130428203746789,0.4577610624831452
1.1792971840638264,0.059923900103815854,-1.9945854971381274,1.0757698121886186
0.06751848141010895,5.271931976736665,-0.8007978897390564,1.906833884251297
2.060747924881987,0.05951708142442368,0.585834966551722,2.238990411740362
1.7553408424432044,1.1875590135001513,1.8967777752654285,1.8416617134555966
-0.2489641484790735,4.115298077656953,1.388243307935598,4.329165566260101
0.9715709509543554,0.273358616957147,-1.9056201414178835,5.257728471046547
0.6453759495851475,0.15344186123358494,1.5942424186993573,1.3309025136119754
1.3686315575323487,0.12940840602400935,1.1327936531945038,0.7058211607668478
-0.9649234605801045,0.3613647059411098,1.1215044942839216,6.315382972673188
0.6860514599984393,0.10652320355156149,-0.16801696398571409,3.724538968847576
1.0584244868495878,1.1781794699281833,-0.4079788281819887,3.5408524118974203
-1.7587394864231143,0.06431646379952709,-0.7883370846672295,1.0394803433383184
-1.183258512665775,0.7121712524346369,-1.737220564182537,3.044858397183122
-2.0392321777601006,5.712879886799935,-1.0870585460252036,1.8527159484319988
-0.26940683444455776,1.6818487766767154,-1.0135854600879015,1.5729804926670352
0.7175422557959623,0.9550820766198737,-0.06369172115919364,1.5708787912389786
1.502357052096028,0.36564883308698526,0.9897776263867759,2.408294104746639
0.07409478041977519,0.9778891428190236,-0.10476068640821357,4.422987650088282
1.6286155455712918,0.7487475558795342,-1.7686222022113576,6.655141891911336
-1.3801014582148914,0.5552711613166957,1.8311592039528155,1.1972069592069812
-1.7033824393551547,0.14007892586034512,1.770897276376449,1.9319845034453342
-0.05554769889661878,2.1768710598120475,1.1407581725936335,1.5422871455456164
0.3840654489393073,0.5974455297927822,1.9653116062568823,2.295244029886976
-0.03269474809409311,0.21644418206141358,0.1779293312010517,1.3956352660032774
-2.0674421000398766,0.45848518338293526,1.8510734010128242,0.9383553519978198
-0.08912003951278841,0.534656934620134,-1.697579837532997,1.19857578755158
-1.3044695005048532,1.7575777510905333,-0.5372770069545147,1.0525704030129723
0.6696725488300385,1.3228103228592782,-1.0984749279729367,1.4839719750917
0.36659824609684827,1.4666583261701918,-1.2166676634629199,0.49289198219725544
-0.9398797863273552,0.011092560021533863,-1.4367882044292957,1.069717393022539
-0.5138669173366935,0.5381180264409754,0.4896545662639866,2.279091525538736
-1.0592135218889516,0.6565147210381607,1.1252874229892202,2.266965029781829
-0.06267909727317188,0.0193788394664463,0.3131935976814426,2.0144575413875234
0.9551423205012383,0.3008527040218263,-1.4121491616471613,4.169207591746535
-0.9857260463355437,1.428324681714378,1.2444950797338836,2.344442270983919
0.5040465155178444,0.14746771733388928,0.5438188286549139,4.078739336482842
-0.5302576183724408,0.7663850452648582,-0.4473371754920179,6.658342935515135
-0.7928728322623442,0.24232875607689378,0.6965211821442518,3.0980301101455336
-0.10703035995455783,0.01219483024877762,-0.9603800830286686,0.49537040273398847
-1.035242322419374,0.27601896185029934,-0.619231166023158,2.073841043724749
-0.553649305347182,3.724455023142878,1.6699433725279609,1.85538031444813
-1.1978778925888485,1.6171531579615472,-0.8379819773143184,4.673841511533065
1.9647251329163893,3.2083475501912333,-0.12004692736825362,1.5268143516561474
0.03526355197172861,0.669145624111168,1.5605645495840585,0.8284858379444986
-0.6997255079925856,0.1162374541951925,0.8308854010701099,1.1229510160007286
0.213979910734222,0.7939834770016945,-1.751187095341189,0.5146892858862256
-0.11232804969082982,0.6058276310869285,-1.4107878228841186,5.970174020759379
-0.22096959953322298,1.8601908873998092,-1.9686336369123327,1.691080198830813
0.6141667000434252,0.10323231608662382,0.5236871609166536,0.5655152272529576
0.7575077100473051,0.6699017356298462,-0.2093062983583267,4.954214238595246
-0.5305011476105275,0.16257618371792446,-1.4629005963908979,5.511892346609228
-0.57581824064468,0.39256259501370444,1.8317364842270818,1.9033572544752173
-0.275051697151644,1.3369598780247909,0.11863889578247955,0.46804984222639173
-2.301921164735585,0.6462981932916178,-1.0324268235484433,1.1460249675887668
-1.5151910621985523,0.4714258964215926,0.002414284618830198,1.4000230155509505
1.3668742674445247,0.5016615401585782,0.7184813309404312,1.7350464987341516
1.6449677135012837,0.6151621609169232,-1.695043128105742,0.6381651247041473
-0.24903603955637832,1.537194201894464,-0.9011847398084321,3.274550339270052
0.5765569630557664,2.2264085163237466,1.2278619635359744,0.15836876538058375
0.3112501545435361,3.1085580630222998,-0.16134051838935504,3.6435775886829322
3.0788808084552377,1.5460096304556976,0.18630856812917962,4.1735325590692245
1.1195749114345768,0.3789306256040513,-0.268735991162123,1.2423786697077237
-0.12791759148076653,1.1651839346810204,-1.8244002294279795,1.5851708872361487
-0.9555404406004258,0.5755474933648939,-1.3370008807193763,4.525429644433371
-1.6064463202575725,0.2939290402489777,-0.2178334450324364,2.6808939951942943
0.2034636358672231,1.8380437261905784,-1.1632581383682887,1.2791326157987948
-0.7563507452843033,0.039184116743756055,-1.800083885361285,1.4060040575955193
-1.4222537095976742,2.320362093040372,1.374598656207295,2.4180596456856276
-0.6465728842425266,0.6189259348392796,1.9247701166564632,5.621115421686867
-1.081548003614395,1.0139076313345574,1.1725714959869578,1.441225537487075
1.6871416350725648,1.0769112357162622,1.415139686818668,1.2473071355574217
0.8816397569494505,2.2549168980590206,-1.0320914787318185,1.7257332840163824
-0.007972641316617372,1.0124428920042712,1.842507902052799,1.7336404655686515
1.4799441388900259,0.951745864110872,-1.2122971821862865,2.1193623340106327
0.0773683076476183,0.0689772007819054,1.805719241447329,1.5891448594344735
-0.8612842013282637,0.7306580419892181,1.9792771758638041,3.7917414518206383
1.5231240772696573,0.1627177737566215,0.846891222984195,0.7716643189958139
0.5389100436846587,1.337251919142745,1.9245749271672876,2.2933184548764003
-1.0372461543264564,0.7178947323254283,0.27815911826841466,2.3588728162063957
-0.1903386780836082,1.1401463466715083,-0.9618328672956387,0.8361319806774602
-0.8756182533847572,0.04256611941635435,-0.25201645733751654,2.2767865254569033
-1.382799730964336,0.08860393466847853,0.37424374151514384,2.4036036821028426
0.9261775475316414,1.2599203799829266,-1.70767375189194,0.07534903286508933
1.9094166404701305,0.07481442963462634,0.4893730584689844,0.705000971789145
-1.3985675738191412,0.07392292686901208,1.9247113470491781,4.778692337089586
0.5629692366905709,0.012182380009795971,-1.2395694008650895,1.0227634601887057
-0.6506425691218269,3.135026486219789,1.1703804651535332,0.5641185995187341
-0.48712538376469605,1.3375360430156609,1.6315951751184774,0.2440242963731818
-0.5923939242388692,0.4357976357336992,1.7748063712808833,0.6445136346063486
-0.863990769679816,0.3517379812300988,1.8405424176217888,1.5366717919541204
0.04852162794482699,0.4303264506668801,0.08583855488588776,0.5242336157167409
-0.8309501164110378,1.4901161997316503,1.9092316319660148,2.705818620247712
0.2704568257798388,1.0828490176285033,1.0292408285377554,0.8224764911858454
-0.05023810944913695,0.20480715510999964,-1.3533142550521524,2.1313203805932517
-0.23894804686640975,0.1912928814550219,-0.09239957412812005,4.329345820503342
-0.9075636620415979,0.10357949119433948,0.8733247014880159,4.150120117900873
-0.5767713305683327,1.0797004100335128,-1.0106387367236667,2.1044832689932895
0.755391225825756,1.4455037992237159,0.5624607341955494,0.6040894952230937
0.5009171876243808,0.3079479495535903,0.6664019161864769,1.620842548321892
-0.977555244798551,0.021167418451615128,-1.3492010247657364,2.155532261355576
0.09933230542922587,0.0857449074569361,0.26034124981102513,7.4662181798923255
0.751387123371789,3.437655002837343,1.0865076439144308,0.24102578097892657
-1.6694052811213718,0.35018856530362535,-0.004417341856232326,1.6253389579281594
0.543360192379935,1.4663040433040202,-1.9515875328955703,2.637908867865894
-0.6626237589458467,0.979932505488038,-1.9638461236828313,1.8306628442074255
0.5705986685931593,0.4811691558293258,-0.5718826241199513,1.9856181804459716
-0.7632591565425169,0.23027801895590352,1.704776273727128,0.86815231760215
-1.804882100664519,0.12941008905710116,-1.085292881585565,3.2353593972040167
-1.6275424378831627,0.9545456284794805,0.5374547554867486,1.7342542753253931
0.048084946661381994,1.4900285583409176,-1.1116965172267177,1.98023741535584
0.25972250172148187,1.032555633563709,-0.7133200413618055,3.473897164156363
-0.9043166251044086,0.7556656276864724,1.392168358405936,1.3113620929162222
0.6385924587773739,0.04285658730910904,0.9154457690797875,3.998985894539285
-1.6615200622689599,3.457411529753554,-1.6184028907471575,0.5059358478213989
-0.06607979864731657,1.60302944884436,-0.2851919160542655,2.065250855766696
-1.2110161997624567,0.3464729286376472,-1.8833209454189421,0.820081771884011
-0.6518361078021592,3.910540572717218,-0.07643941358796402,0.6343403228795365
0.047398671316414016,0.92100580446948,0.6497360468042723,5.578293389980234
-0.8604133652839524,0.8732855020448503,-1.5259895056073938,0.5339405546369035
-0.38455554422982535,1.3786166282050145,-0.8444602443633373,1.7603576063893704
1.0062928092144405,1.6700895338438768,-0.4086534979913723,0.4923865649978731
-0.5768918695231487,1.0685058907480496,1.678124098624199,3.8337958973530917
0.8356921120651418,0.13707566198038496,1.973020061691856,1.2056843551982557
-1.129706854657618,0.41289389231550827,-1.8203548040175366,3.4614021062259823
0.5298041779152828,2.6322515064242062,1.0440316939815681,2.5745627312915564
1.4415686206579004,0.25439638787094393,-0.5131037343906271,6.760284196832986
-2.4716445001272893,0.46548110941267967,-0.43016725508207987,0.39339918209572
-0.7968952554704768,0.565769226718731,1.0170598933880908,0.6994040775655685
0.57707212718054,0.578756540923333,1.6737057285816346,3.33428316090167
-0.2030453860429927,0.9491744805522319,1.8037143780101936,2.139382088322906
0.37114587337130883,2.8660353837801957,0.30849034415328314,1.3899068693188696
-0.6039851867158206,0.27534872427418644,-0.5715153627979888,5.960628589544971
0.08658978747289992,0.12954093800495234,1.150196343435117,1.6675483375733113
-0.15567723539207948,0.21998665189386477,-0.995994466950799,0.8489977691355873
1.1677820616598074,2.179703081100552,0.25629611533407104,3.4900726239367494
0.2544208433012131,1.0379240810762278,-0.5656861539005074,1.7109829506798355
0.3376026620752022,0.3367417778790184,0.6265242948315044,1.8146223282853646
-0.4118769661224674,1.6925311877747204,-1.0384043484259724,2.730697987897402
-0.48760622407249354,1.9759467391996954,-1.233628217060697,2.80635157212162
-0.4325581878196209,1.8741481279810754,1.6729563467017483,0.6904515902595808
0.39445214237829684,2.512399543274232,-1.5927852682018524,1.3260804883945094
-0.42098448082026296,0.2906745724146154,0.023831630939726622,0.44832860942107283
0.2897748568964129,1.4066682208230554,-1.1165888681479643,2.162850339971031
2.075400798645439,0.6171857078521142,-1.8442801466973302,5.513263171635792
0.8711247034316923,1.8451510870734518,-1.8559247268342944,0.7180089215036887
-0.32602353216784113,1.3037588019347568,-1.2991129115766906,0.3629788295834876
1.2012139221639448,1.4981087538655928,1.467081418024001,0.9759750153526126
-0.4080753730215514,1.0675841906842092,-0.8700850240918934,1.3802143861015381
-2.038124535177854,0.19532019762394587,1.8018366823011829,2.823834177718784
-1.008086310917404,0.7875170241922046,0.3264891719567742,1.266077453696106
-1.8707919210258557,4.177926595016945,-0.25354324092493563,2.191515814098304
-0.35151348404130867,2.7707993880074326,0.3203553386778184,1.1039235057679329
0.0184183791895517,0.04413344611758607,0.06679354090507106,1.441907031716925
1.6764373122752827,0.18010180115075491,1.0351050150293006,0.8236068811025202
0.32692737376416264,0.14125114015268525,-0.870015736108591,0.6024724088640305
-0.21910052880886424,1.294553854060387,-0.5877984335987905,2.8954147502616756
0.8294055811834892,1.7025697806958462,1.576377210133003,1.169743452013394
-2.211135309007885,0.24017700835005287,1.7858260526016219,2.309332663427576
0.23561455810856594,0.704921613839529,1.570232909945898,0.8118395011097826
0.7708651938869668,1.8369850704778037,-0.3222080241707457,1.6759512150032068
-1.4785862457798415,1.3197636186471764,1.1214620120275267,0.16357806659057164
1.143754043206929,0.781404144953795,-0.09465706679560482,1.2437284532867052
0.3384964074944141,0.8924465045700323,-0.009840591415591238,0.8923494723376793
-0.4152879139008013,0.710009650068406,-1.1812795637708642,3.7293661250056975
0.6327818661062848,0.3531788500016205,0.3645212130340658,0.513079108157621
2.270692857804396,0.8324598074681555,-1.2554564089866083,1.4898090904573555
0.18186625505849516,1.1675936310968125,-0.6737412037312249,2.143261053779409
0.24822058630033608,2.0661140751074525,1.4201208064797406,3.380250941408829
-0.4593608995402441,1.0114021548748544,-1.1716967631565791,3.0655085593258184
-0.8498443694647918,1.4318003795855259,-1.7153668593062688,1.5845411425856615
0.8303358165442456,0.1744386704891238,-1.7239696295487348,1.762528036820947
-0.8560838259088672,0.619074518666376,1.7631380820124316,3.727096886836238
0.07156623721939247,0.009375432164456157,0.027681751847338454,1.5609066442668356
-0.4776574467651167,0.2832636673578669,-0.3623517127319267,1.9081681873925838
0.47897982574639186,1.2963136856112858,1.2435143240316737,3.810516257739049
0.3336621052869483,4.804835440886139,1.343303711642064,7.374098533062741
1.0375399442578992,0.10444770971109277,-0.6712358675375816,2.0323913087002703
-0.510016398854747,0.5133192567214193,0.7744722298951809,2.45440734508864
-0.26987493529337125,1.6097928189017483,1.0844912634075463,3.002289992223798
-0.9787637157823074,0.22820086126156375,0.618602747463818,3.7858789157777557
-0.4442932600761116,0.8098719123476157,-1.3936197007996025,3.4383141047008836
0.3773004930448522,1.3207736825681355,1.503532334068228,1.0321482798451458
0.7569886166453519,0.9570748371647657,0.1563782109440348,2.1339926557298945
-0.9221653241776254,0.20828540063345005,-0.8701102945199852,3.4546662401817962
0.8696059201056602,0.4391013705229907,-0.29908725824922433,4.333287612075611
1.355637858804951,1.5315133748939875,-1.8497156384043705,1.4919322742440768
0.41343490322370086,0.8079443351961765,-1.4885327951103298,2.0961698380028406
1.876795812558066,0.005243335834244976,1.0621870020634434,2.2762667016550227
-0.773789199103573,1.4312530668276238,-1.9999534609785354,1.7181130378200486
-1.244654703311417,0.035949877311554204,-0.3337366860708313,2.0564067254435154
-1.7787202489042786,1.369373461353044,0.09004072434235377,10.337931543921242
1.496044311489183,0.22624906865187216,-1.7814623199961108,1.4432201274864382
0.6543656563540577,3.171836719559786,1.8923126518893314,1.5331208770281113
-0.05558467091045507,0.45877214128960336,-1.0954986750013123,0.3202711328845173
0.2799686263198203,0.39590834430335636,-0.7832051214548765,0.2606359934821833
-1.1254890472983765,0.1612116083351189,-0.7842299509798907,2.3939414145340563
2.4457519796168263,0.36471318634885724,-1.0783333515306004,3.4643284544213215
0.1292211819752275,2.092735612176639,-1.9941047116547543,3.037875896950972
0.10939479460489289,5.608746230709056,0.9173791763519854,0.809809080816433
0.725766623898692,0.4593557682687801,1.8673819991971414,2.914677246884542
0.4810092317367132,0.5953140605103695,-1.1028260668598198,1.5140054001780623
0.22388402427913137,1.2803893712449097,0.6521887672136897,1.2325635229615468
-0.7904744554453119,2.173275679463014,0.9675853078348604,0.4618097579985633
0.4714683571359957,0.8990510286786167,1.393701516362099,0.9038015943156732
1.8820244964750337,0.49680059945593147,-0.3094832119455635,2.4342774397532114
1.3454200461549777,0.5320864431503373,-0.788276377438283,2.117399183692426
1.593186626639397,1.1894722687558443,-0.6988194639078755,1.8931818195831485
-0.5112156764311852,0.003223453352234625,0.8504853323940513,0.13993509287713657
-0.9896048202585809,0.9665039188925852,1.2671178660225442,1.9078601229885803
-0.12578692009964815,0.43926961172974954,-1.2735441289735894,1.0189034679506788
0.055724912288694604,1.5808374881107958,-0.5162359673689392,2.128668087270222
1.0941915184709485,0.09760250898985603,1.6077607869966002,3.863700330357775
-1.6924646297148194,0.8872229893778367,1.226774078778957,1.1523961672565806
1.5295503194606137,0.6557991618936114,1.9394336110499033,1.803802950328016
-0.15800789857898942,1.0281319964746447,1.016993038728323,5.937302669074692
-0.42688106994742003,0.06705217851068186,-0.4272191958883109,2.050989592883429
-1.0121043752601675,0.8674619670881443,0.36255133597855105,1.638069761941002
-1.6548566718657693,0.8243603206028806,0.6440570169892812,0.8219831788286868
0.8231705839619146,0.822481893100684,-1.6861767347315042,2.9714550468542877
0.07331796718840389,0.9250481327074117,0.17798783641546034,0.6979670926534056
-1.2899608997410539,1.128457057823754,0.8372833138904383,3.979406645337572
-1.295078772063616,1.6346993101159928,-1.3307147839957585,2.6804962735889277
-0.3357846992901282,0.3144651861262493,1.1225268697022286,1.0499065437521202
1.669021525289393,1.743251688811231,0.33509112205644653,0.8472281639408147
-0.2595913513636048,0.6896646162596095,1.8088871427903785,0.8656981748401248
-1.5031429531181062,0.08018918746336913,-1.8303108071724332,0.2664140846819651
-0.24574306408594432,0.060335026075057606,-0.9386954497781321,2.352550641485578
-0.2727235697476705,0.4068235083602549,0.40621551719929627,0.16658760831718533
-2.6968866429415717,1.5366381893970082,-0.8137603511762772,1.5580022096815036
-0.05429486651781221,1.2299093840207842,0.8576966562849688,1.4800384207040196
-0.23093453020867796,1.5540739964735977,1.036021130087724,1.2794801422552748
0.6962063648134184,0.7282958332151881,-1.5899361437341022,2.340918163137002
1.8489560949453452,0.5801739118979032,0.0554178568270709,1.0521555115644907
1.1265650295477574,0.15952638422688284,0.03556222236422357,1.9115158619847716
-0.26888869055483056,0.3977838153323653,-0.5228769191378357,3.978876477220556
-1.1065259087416703,0.5691954172192332,1.7316994502786884,2.5437115196772297
2.5733598032498604,0.09277387160256173,1.3100252794928848,1.1889253823336199
0.05921843401448826,0.249246221980613,0.7888375276385471,1.6768606545046927
0.013929291912946203,0.9118637804587609,0.8573065429399902,1.2806550614192993
-0.024125087110003277,1.3305309069097009,-0.15313542474752362,1.463385526028301
0.19808476076785494,6.405472880634143,1.6839780843863035,1.9557462497327147
-0.14436041192394247,2.7047556044043155,0.7783817090131415,0.4399444214388541
-0.5736620068802363,1.0288023098028725,0.9159242466232658,0.33677916414858156
-0.5468589412403921,0.5468813099485977,1.446763615149381,0.7593574697692971
-0.03275327021599839,1.0110887957798544,-0.903713642631236,2.4215604424682486
-0.543424771133765,1.5401526347430927,1.228283615466812,2.6632951498687296
-0.7128457826771644,0.12594446448603402,-1.2190375881740318,2.947826227117199
0.10643022769189683,0.5274715511697289,-0.6186321910204486,0.7874362759571385
-0.2549772174208553,1.8313465118380305,-0.6575581829206292,1.7959651451111984
1.5039929885826886,0.4842371702849132,1.9141018735565622,1.2196919847762164
-2.650969808393012,0.8483336962100451,1.4261488949917074,1.511981893821351
1.0915068519224618,0.886172282531739,0.8046794463610389,1.2018709259964564
1.246085192497629,0.20392473795035093,0.9082270464615605,2.03905818621101
-2.0733902324081495,0.4497860945489304,0.2482911776102843,0.9426034860870135
-0.34268759408034877,0.40723360408863496,1.7883626684340763,3.6831399425254627
-0.37144086599579146,0.02654595521466961,-0.01496498847055383,3.7054672412296785
-1.4075116947178212,0.024489191270530317,-0.4779291605204219,2.3677979985443445
-0.7778166875908753,1.7819896121391394,-1.347858652273636,3.393984076165552
-1.1105758454658288,0.31892620643003505,1.144822609044232,0.4219049223270876
1.7522704434236227,0.7299745937185206,0.9377757283023658,3.8294551896431237
0.9356783931474612,0.35485599007989305,-0.46257984590346046,2.206590386294133
1.2715550949941588,2.824796036158523,-1.8992263441630826,0.9927253016296828
0.7216720640432351,0.3001552182005943,1.3559893108720429,0.9080076163927105
-1.1290517712172292,0.5615170164185904,-1.9543280661837055,4.725773605357475
-0.5245202662797737,2.061446433115593,0.8147991185162038,2.980860528867368
0.48937456122791806,1.8447398709821283,1.8810284389042282,1.4804913939433937
-1.2221278088919454,0.20591951269056197,-0.24935468740718614,0.4166691821133779
0.7129984301723881,1.6227425772487938,-1.060106380016189,3.962261685933844
-0.24032539815813503,0.6128341464824549,0.8194840401735268,0.6069971822405192
-0.3748208075495975,0.6596521975537926,1.2685125680623406,1.2379311996311875
0.7109599682034915,0.14327005689790265,0.18572126431138924,1.4788713355620406
0.44426331148603976,0.08403564207332337,1.8681411010245847,0.895832785686331
-0.3609661658190799,1.301730101451439,-1.7933251133681556,1.4269306007447218
1.159329803364248,0.68609441459685,0.019182393218112548,1.6575881634288032
-1.0810633275998973,0.5742105041411313,0.8738157892902003,1.4035241760157404
0.6159356069442637,1.307513601315038,1.4505618845967159,2.1141391384834587
0.5931012579683838,1.4503546989673852,-1.2829775523688398,4.842683699900662
-0.3095464393139903,0.17305443076039947,1.2000139270547256,0.43905287585241254
0.326133022242118,0.942186012916847,0.21082830287418108,1.8787446785827333
-1.251113576385303,0.14543519952787473,-0.41378527204014715,0.613464662913897
0.924027019206901,1.3918098878273495,-1.4731398856836257,0.3946426951203654
-0.18490213644298903,1.069894100615944,1.4611830356356497,3.2185734457851427
-0.5227230205190395,3.1376327859603244,-1.3709071672811386,2.0004798552627827
1.0490092258368893,0.07145090750853228,-0.760848563163603,0.3677196818723518
-0.7043436905427592,0.05874702682483746,-0.8398178721502525,1.4258945243540948
-1.4084612963635597,0.33154629359486404,1.4856561367634171,0.7612468573230609
-1.5566291735239037,0.3034127313563832,0.690811976835592,1.4660046574596641
0.6060099513456396,0.28366189629572724,1.1867255887654893,2.7307012684754164
-1.280429352496283,2.3671724742163094,-0.9981284048300041,2.537565085320907
1.7547941819843647,0.28707718856360664,0.49949639842799565,1.208992497331167
-2.081929407883722,0.3173851756541948,0.28698393257499477,3.3230193370980077
1.6964563682900382,1.424612253597161,1.3313215071530844,4.1904702045194036
0.2110174672026184,0.597364098865057,1.6243482419250421,2.7625668220974258
-0.09671311187039239,1.4992863982584597,-1.9513729140904528,1.0468756311840361
-0.5449190868089497,0.06760043876192516,0.6960796762351706,1.504334992717663
0.39913611435207086,0.6685934921037368,-1.792656803521084,4.741302862146387
-0.037634702424848364,0.03419152493794983,0.1954346603094237,1.28453942280444
1.1033018820165215,0.06470195151063192,-0.8494690838252872,2.5432638598809847
0.11422764866203965,2.369125118145484,-0.7728936019114352,0.8849701056603528
0.1503017614618776,0.14994579904644503,-0.5881659861905737,3.3390786189811212
-0.36361221221385587,0.7601862810622099,0.4851697961984405,0.7965215044171648
-0.056945623721067457,0.5294914219185614,-0.6638001373249232,1.5563172781830956
0.3078017688920592,0.42670405559453656,0.9307962023611216,2.4794918782612023
-1.7101683926566256,2.300919937008827,-0.38189045770452124,5.393014395050614
-1.348185422105713,0.022065049355001528,-1.7265871987601655,1.973236343959026
0.743264094022715,1.0900183808326895,1.135039369936429,1.3500514927042595
0.17086543812794186,3.307554979468367,-0.856966701629176,1.2690196965430767
-0.18398333635267913,0.821362860280852,-0.26893248160294947,3.239216095726282
0.01843393306539316,2.761806452919119,0.7417755328876061,2.337865417313801
0.34758170536167105,0.05367283829582405,-0.6701753714051519,2.6926155312715467
-0.5397596803093615,0.5426488522972961,-1.7736573754131375,4.519994853314762
-0.7783047254023127,0.30131834655068873,-0.5043158119487456,1.7454470178672603
0.19584525509768155,1.3123785630731404,1.7777943307772137,2.2199171686124246
-0.978372777615032,3.9790761788416824,0.5669375891942328,1.2550209204831115
0.40825275571447184,0.2964269475836514,0.6859165946688277,0.8550099720459017
-1.7025836042378404,1.0618212598300316,0.5291286145505594,1.00866544578588
1.0291556373256436,0.22076841513427964,-1.2040314441622528,0.09350896535491571
0.472597482413043,0.8331687421479583,-0.3266645435908795,2.461550750664298
0.25602973431387566,0.6234951681723219,1.003759193453273,2.2828194390437546
0.9826909839455139,3.5757411309081153,-1.5945084097873634,2.4243435338682824
1.6654744444625766,0.9378394280377333,-0.888588895641151,0.8049631458672121
1.0143700650181304,0.4300237767529106,-0.8947235661365855,1.0238207683025347
-1.8408742313316453,0.12114644357562017,-0.271924289621976,0.9954127447288504
-1.2795769667357015,0.16398686372143628,1.9214749637687403,3.564230216631732
-0.6248185776956788,0.2553012751408823,-1.7299898132647122,1.9190984197572092
0.026091050210833786,0.2889717855613698,0.0748039775223801,1.731137325443034
0.517659020469123,1.9012354942631104,-1.2825412719511582,2.869310816961591
-0.7257438131534656,0.8237634851167945,1.8827061816389765,0.9983076103538809
0.18676676447707832,0.7410586447854435,-1.5467859810901432,2.1807714696917326
-0.7553829323533225,0.1219065063412979,-0.385595990553635,5.856962649305616
-0.6115178029919482,1.9671111641550874,0.9515399393384247,3.949814080925076
-1.4066610968482223,1.2830676118738606,0.8182177121097811,2.156837640452846
-0.9232332461109043,0.07006669271951631,-0.309085452424271,1.7811171077489596
-1.3516846056163336,1.2304369006024543,-0.6139033281891271,2.40936968351374
-0.9758732529773327,0.7842503006173839,-0.4095504857885177,4.320336200355426
1.0536417966078395,0.08525874546966827,-0.9428949473654429,4.117160994075081
-0.949398888831943,0.6130441206067024,-1.1786682451728008,4.808583195669432
2.632382064837391,0.662998818414935,-0.06784120976444008,2.000300941207326
0.4933179008808892,0.18125157762181646,-0.9258649757295707,0.16478386997709943
0.1848361236948739,2.913196927399496,-0.8501533404109995,5.587190181788446
-0.8583577801812136,1.896955808234685,0.6270242538982282,0.8533182126535942
0.7003098794089914,1.105704390260218,1.8741493267995688,2.8365384012063584
-0.5756378262377739,0.6204462396688857,0.41454880223750035,0.1695256005224153
0.12200981464536144,0.5306296717568441,-1.6920821317401349,1.703675851799682
2.5600845382687947,1.0526073343140585,-1.697665544583732,1.2864181730782045
-0.09605989972464987,0.7884074743037924,1.8056928833822639,4.815817469418161
1.1492733262856758,0.06429653002712656,-0.8108368387706655,2.176962469087882
-0.7031764251258874,0.7184704219340354,-1.6317320556700983,1.6900347188028597
-0.0349884904969617,1.6419797883681324,0.39617834860152623,2.354318476407592
1.77080063563551,0.6147794951322301,0.4945951131610644,0.04578258068468653
-0.6269670577877674,0.05335497350844933,0.5940192804747526,0.9785711258377232
1.8124485579969287,1.543080106811237,-0.9303918885698348,1.112438635133727
0.7077519354554754,0.22484973368587402,-1.9395572631420999,2.62527682391575
-0.5624667758942676,0.29924309074837024,1.8600614778178874,0.691033363340875
0.632407739055521,0.17997194341740164,-0.99642781723559,1.9365443672476605
0.9725544496267299,0.4007986104717142,0.70410515221019,1.5666608678766345
0.6218099622171964,1.4136717478165162,0.8265194795148383,1.0252433661475502
-1.5702247198904564,0.7326905335240429,0.44002966831794277,1.0836832202663516
-0.7271371758248686,0.22926383478708842,-0.7483704231454071,1.5555084372670245
-0.24751863555150475,2.1023424012654877,-0.9156149849437369,0.23686530337515277
-0.07443342910004629,2.1167850510798343,0.39067313081081245,2.896750637025076
0.620672097550678,2.0446801801024366,1.464382534446766,0.847924929276177
0.17770100093325383,0.2728541664069208,1.7869349156935823,1.3532617596967886
-1.3353443587101013,0.600092896432293,-1.5763767823849695,4.699332574537192
0.3801978510059632,4.199015724929951,-1.3806855496091206,2.931486276117232
0.6105857452838231,1.4784643721827786,1.7789450351323186,0.5784884120816698
0.5597904479310398,0.027543278636881524,0.9461409133391703,0.0317068700762308
1.0807807255546218,0.06742758781911051,1.5319752993190923,2.427082873563264
0.8339221545489041,0.6234930977710629,-1.1894694634586274,1.3967384906663325
0.4591800792284367,2.399318549653681,0.35034348443760743,1.9452309333703814
-0.07016571145864703,0.7737105860039205,0.8045583776698946,2.8638226195085177
-1.6609609335159914,0.6887817390488921,0.7204475417878906,3.1835042381154888
0.42961821913258585,0.11146097451660443,-0.36739323653320755,1.186158611429353
0.20768768716311115,1.0693839431309624,-1.938420433234766,1.5355572485216595
0.27157883719537346,1.7265514506301995,0.3317042272170525,2.2277328119613835
-1.2767485758203094,0.47871346196718423,-0.987593843281565,2.334288835020225
-1.0810565404082624,1.4943779183383716,-0.19898301542843866,1.9310737669136857
1.0531528533329035,3.337565162052098,1.8303240603352693,4.35671263835618
-0.03955515385665504,0.2278627431134131,-0.40385872943026113,2.315534857184621
0.6815006973726244,0.7409300777021357,1.3592064266577069,2.834332079858722
0.028318376130461172,0.3384673668890539,-1.2458375770029955,2.0538215856901267
0.02975613949574519,1.574333443217474,0.6898419921001153,0.6862324912097071
0.9382838059759977,0.8617868409396449,1.908027817755774,0.9758618462294399
-0.5160447282173739,1.006714517833276,-1.5924275965082528,0.5545471289014045
0.09612077694098337,1.5990627194510663,-1.966720231091232,3.4312422534737705
-0.4622752887050425,0.5041321959217804,-0.2656688294695426,0.3654221593252831
-0.4344962274323156,2.4661642126129655,-1.6294980677945312,1.4865074830893257
-0.30917212346863937,0.7614878374553812,0.9935373987049254,1.240462740693423
0.22213377163371284,0.17192161158931837,1.6581946553942357,1.213903799198248
-0.4787486216634773,1.190395784496388,-0.26391610916496466,1.3024294954125102
1.2557561255735208,1.5762998459239548,-0.9651534313782362,4.908852453720115
-0.8946073022195039,0.3809115447957103,-0.2623867239735609,0.2164573686316546
-0.18687164416135904,1.9461649805133623,0.893791271400004,3.9970975769570267
-0.4397310582741749,2.3659856460311666,-1.963783353678516,1.3935212961228591
1.4469778843537329,0.3242139595704644,0.35781595793878873,3.040902598734544
0.19655477651157463,4.105697122281739,0.45316673954951625,1.7718272781116906
1.0318445394686349,0.15165059038050552,0.550752987583742,0.61263481823179
-1.485560373036972,0.2256663163146758,-1.0319116800764911,4.255372371214595
0.26705026586925884,0.20361650026757172,0.856210893512507,3.8229357455250645
0.889630795623437,2.2442191141841326,-1.6344340546728944,0.657867528479661
0.08228398927542419,1.0621623885347034,-1.2029186541327967,2.5597033574192047
1.0654803750653512,0.16499762625030379,1.5098801866179277,1.0152188344936477
-0.5172884501003722,0.5803961948898719,0.9548926029062654,0.38324289622645813
1.40934744018558,0.9552863355479618,-1.945017783954619,0.8498345748168087
2.2988981236192503,0.08715402533365735,-1.0064949585207992,4.090113802171395
-0.36283856043965906,2.140605440342273,-1.1423740680273418,3.0924789873420986
-0.4455025214007718,1.627619884453608,-0.9167746878521097,1.314929926284492
1.453384477117701,0.7036153280818361,-1.0097609188804544,4.10307058910736
1.5795721457307124,3.415091923050088,-1.749894817028617,3.627161975961486
-0.5228600271532683,0.5408742270293948,-0.16423793361271866,0.851042732160894
-0.42018681709585726,4.142085376451174,0.9309338991446605,4.779932072684026
-0.2817846088605072,1.102379371634689,0.42692689886974566,1.2303553280027955
-1.344450511034277,1.006957709493521,0.6914866743923191,1.372568034584358
-0.9186519464841982,0.18146779570663477,-1.6754032858550434,0.22369814296739451
-1.0041407667520679,2.1364586240880556,1.8059628407071489,0.9988399162823058
-0.7677975651041284,0.5577245313502253,1.3539673353720993,1.4956094667795397
-0.03468488738678118,0.1770157444826844,1.2203612739826508,2.096266086903945
0.23421473253652075,0.012687669122935624,1.29193522016707,0.6146914278113329
1.5505004928140769,0.8204254417138757,1.7308420325310454,0.8862990674443605
-0.998354040738791,0.7495051146585031,0.17701586445479078,4.849497941480164
0.9843223984765838,1.270659844747094,-1.1988719285294964,3.465576970961648
-0.21398884422550896,2.209623605735428,0.46713443141016464,3.906938170746854
-0.04946370965243295,0.08273680018054949,0.9715259746717559,1.5955110268091692
0.6748194921666038,1.3148912937605925,0.9516695734161016,2.1421471071319207
-1.1227220215622986,0.20753099415526916,0.08579609666752042,2.6001194151091704
0.3824097461840506,1.9531758525685583,-1.7261651226656878,4.802686079048621
0.1664522082130561,1.7096092146110045,-0.5155482462794887,0.37425824321650625
0.4924512640081491,0.7782558342991005,1.6830664338534294,1.0865051603632208
0.2891686439078181,1.2387119433120626,0.3377956390297041,2.001246148032429
2.4553001399108942,0.37738815061139647,0.15332777302285372,1.7803253317675143
-0.637739984251316,0.6370842867894616,-0.9245859424712259,0.8764029175969934
-0.5309969550018176,1.7239339059589627,-0.5262043203336844,2.443024142833902
-0.6231405264247644,0.6148263184240825,1.581384356612677,1.1231840764226235
-0.5554771191602547,0.44285279618655626,0.6658521901073429,1.683283292867611
-0.6373871273065177,0.6816385540848643,1.1495481070093314,2.3660346863288138
1.1890165311075518,1.761710995267424,-0.18261830772937948,1.1680636778137097
1.4205042479898549,0.40828114046433367,0.5209888778246317,2.915881932270837
-0.5707462937494763,0.1908719189412956,-1.0064655650271699,3.291918273796161
-0.8323555731042287,1.2448434817352836,0.8218433211339451,0.9061279346866619
0.4714155563864041,1.748574773284898,-0.2895946651866508,1.1164860172031639
-0.5522230442809712,0.10606907609808841,-0.2298179407410177,0.704578017607721
0.6329318177555108,0.2742712183081353,0.5972892983075266,1.6547039213802408
0.2029230208512997,0.15311853406083514,1.7451224858757066,2.0952199269624745
-1.515744114997232,0.42762086155605616,-1.7439746135655163,1.2620441287065158
1.5475052013300616,0.5984753479202122,1.2989729493880304,2.0524578948952774
1.7958776730955217,1.3816106944838227,-0.8304675583512275,1.0919197808374284
-0.6127886904843862,1.0531063255355015,-0.22432218197448872,1.1218470707024206
-0.38770155993598415,0.970030615348931,-1.9123466848999642,2.175154873261756
0.28586539072490497,0.434443371406971,-0.7958156886627479,1.1845899227739778
0.334456789987025,1.8416698450343083,0.010524970520521926,1.5864961631045325
0.6585442726728304,0.6373098440439261,-1.775295690610244,2.231638526791641
2.0102045387663496,3.868242416594891,-0.03561708246733941,2.030587488100099
-0.1769472274940494,1.0055103770097726,1.7084425154337093,1.1049576160031054
-0.7982972445384537,0.13497785718102526,-1.5784271275687791,3.5225352952723266
-1.3793192280145272,1.1275599445107554,1.0577629123020174,2.5181507538633103
-0.7309300399419191,0.39319669691961023,-0.36131578649602947,2.0014314056479066
-0.033126972873797095,1.1594048640248864,0.6206948580973521,0.6182243574880163
1.7945578635177877,0.07218490506954432,-0.9590536080590826,1.8134785783295615
-0.5176112990361714,0.1922281904591215,-1.3620309498345669,0.9818056582933875
0.2237879516388985,1.9361190510181303,-1.3581495429150943,2.3893267106533473
-0.016422896072752075,0.2577085433067849,-1.7180322174274214,0.030297836306947407
1.188393273448084,1.8142574121128319,-1.257413180395028,1.3571525466148884
2.5269324258736217,0.3274991393787473,0.6568775399558731,1.0640798313535174
-0.5308687729203206,1.0296887677502349,1.5267624473740322,2.9234336544472583
-0.48943944251822213,1.1846623684296387,1.2565027423646473,0.23424029373844174
1.044160877069072,0.7187824812885495,0.7405372394979364,1.7260884357399775
0.6818914896263114,0.3642905501889821,-1.5582725463555893,2.4963825156340196
1.8467073257360336,0.2390752601646858,-0.8432502148162007,5.396246399225227
0.5839281853259639,0.03375261921056072,-0.7607724987101241,1.118867727111527
-0.35929209078705954,0.3623286119012093,-1.000172214409515,2.121611970405872
0.5906548306923093,1.05889974609222,0.06002263883889247,0.25413778794668856
1.1087035805829077,2.785549445909374,0.1422152595186903,1.6594986591236889
0.820482181197364,2.0495292660963993,-0.5724560993155592,3.69804260732566
0.5072740311072977,1.452711024747378,-0.5848433650542559,5.430706262465397
1.066674689589154,1.5532813434137014,1.3142223916243254,2.269342903298697
1.1692955904456728,1.0935796839216732,1.1571713932787424,0.3500140555507658
1.3821589910375272,0.3014928132972702,-0.7688166732770174,4.100692678652053
0.6487098875896427,2.3772550921950906,1.6551537754930372,0.35360553774174264
-0.16711808031685435,1.1108842174200688,1.8112600680100241,0.5606273176732381
0.14671368643332283,0.8219824878863804,-0.6930298318798367,4.334895781294887
1.2065089665083568,0.11764619788426466,-0.5823002048277806,1.5676975966587867
-0.8169356709872361,0.5924977233839371,0.022536613687835327,1.015221096835955
0.3686733088729012,0.6168498248029955,1.764483250134694,2.7411771197836914
-0.3933388123273607,1.9992531918569643,1.5052777325692461,1.8878951147921872
0.028744822934817487,0.7910868989857643,-1.5897281496656408,3.4760576360128326
1.2784518626072987,0.4786820564475785,-0.42907702691433514,1.9537004517624672
0.19109906801990334,3.763617160352339,0.21348475899908737,1.9871583401937152
0.04643654815614881,0.1173437996267585,0.012529890206160132,3.3926480381603974
-1.3598561409799192,0.549130698651335,-1.2245477282524293,1.5510559040713214
0.7462535660272207,0.04293325830688141,1.4352670846726188,0.7631997122828804
0.6454841811410754,1.3467049496631458,0.7077631319873494,2.852053370645977
2.16325472330546,2.5019700311638777,1.3516334994072143,1.317669761608196
-0.30777823495300083,0.32855591491401936,1.4350571173978888,2.071126389342249
0.21915032766393897,1.9543372955128295,0.993423414662959,0.18985327224199872
0.24938368371075526,0.34561946791829934,-0.24315759500113066,1.5018329016760321
1.5774532797634744,2.416539784613971,0.4421870200616982,1.0778426240305414
-0.0952955323869521,1.4022688916121695,-1.3585383755210274,0.1819956978767792
0.27902152577033923,1.6342777671764386,0.6945816698996308,1.5393032771760233
0.6078965097165392,0.018170646414164462,-1.282986977042877,1.5802575667567935
0.1866091231563581,3.291724972436397,0.7757983620406272,2.18209221981646
-0.44643361455052827,1.297079052164683,-1.0816073569841254,3.6561844944476714
0.19408999289830758,0.363485361397723,-1.52979479939912,3.2650130253823813
1.073631749859772,1.7684023716049078,-1.3388620394281703,1.1429245104972348
-1.0265152994110602,0.3306190776073191,-1.992031459123719,1.9180666918395939
0.132969674146876,2.0616317974144165,0.874958471414121,2.413279271157822
-0.7001208149391732,0.11943734248109422,0.9296041962335164,1.1705758766779366
1.1950466289248425,1.2163355000441867,0.05973339965303781,0.3911292759342746
-1.5231869047837747,0.7780483709672553,-1.3545487957784652,1.411761780703543
-0.5589218472715883,0.10151732152650952,-1.665782649957241,3.7600898660413615
0.37721187506452086,0.27693183488830136,-1.923484134250852,0.37033384985901
1.5655240292343404,0.01248160847502802,-1.3370072921391172,0.6912762647423331
-0.0657502610729878,0.632556376660282,1.563422139932587,0.8386071092913372
-0.5551995266931984,0.35848409483719446,-1.033852633193273,0.6988665596320036
1.8811570694405901,0.912192850415572,-0.5829146911311374,2.7497106664642845
-1.448013900416244,0.3527367199452367,-1.5786180620746673,0.978444014054357
-2.198805956620082,0.3565593956246741,-1.1105547810073189,2.8014537895757585
0.4400144500533324,1.3594312228270262,0.07689828312082048,1.724592033081297
-0.5020542243526112,0.04934029323995536,0.43101073238261023,0.27617434276275127
-1.0212328171307132,2.3319623621911787,-1.0185907433351558,1.1921289039901113
0.7083564472993533,1.9123275316140762,-1.7690713630995312,3.3318060282499613
0.24380071377119883,1.102032179513412,-0.4358685234904054,1.8741790187084717
-0.5640786307367284,0.8994866400763402,-1.0631865162946634,1.26884139269767
-1.2803043986708944,2.228428890443056,-1.1217843070807922,3.790539246170608
0.8724573282801447,0.20497237608398877,1.839451210853821,0.6272853064872934
0.650201177958661,0.08226176032410241,0.46520194370289625,1.0099955356320574
-0.09917586377938291,0.2737925400343189,0.22751377268838358,3.1205211064064784
1.8466369960476658,1.582690235862734,-0.3368995859067123,2.7101281790783895
-1.0700847663261526,0.035285543495326505,-0.28422266627942294,0.576871320181782
-1.5255251709247388,0.8742059392195671,0.1636200153523233,2.354981560314
-0.6919080698812444,5.389888108860084,0.785719228144429,0.9644390716711859
-0.045586016355497805,1.935833743835769,0.8085843847273178,0.1699986073100104
0.24333944932269183,0.7369855720088178,-1.3132243691782017,1.2896224721939689
-0.24123605785632987,0.06575623215253151,0.00045100830650790513,5.6594942324974875
0.3520553965142968,1.7800691543267393,-0.35216761986359213,3.371264350538621
-1.251539424190444,0.9137402575437055,1.4821078650775368,1.6062562975464223
1.4437646040732595,0.12209192730281729,0.5256756848735056,0.34488724120420994
-0.0821511783925688,0.0985584630744615,0.1300162656639272,0.17777517583839078
1.1172958315881276,2.403807730784339,-1.5384214312843305,1.7287354204001912
0.34272534637770413,1.1062421106880511,0.4225515572936458,2.244860619861934
0.4567532191537839,1.7677703195224048,-1.5311843772790663,2.7722039347128655
0.5697672802322039,2.1117903707549415,-0.6511736977369917,2.552751856356644
0.44770856001731496,0.8481003370649202,-1.4286321407426725,2.7080900606908287
0.6427227598675439,0.7286631763115787,0.7682945880974756,2.0498664970594715
1.3291525301324314,0.5628690420945743,-1.1749915446553896,3.7354330652536594
0.19652116970147013,0.38118222011338315,-0.432562507247896,1.0760096693461734
0.7090037575885123,0.5702146898831338,1.5826991104751147,1.7088549888959368
-0.08973569428722672,1.486687924666726,-1.1827344664041188,0.27753418089992365
1.4401172154494728,0.9211109078171102,0.03122025583511645,1.0564461697298582
-0.6763923020592697,2.230481105629336,-0.32291335533591203,3.308348089248823
1.8009404329108156,0.585872523921944,-1.927503835817081,2.6474993816795367
-0.04015795064434341,0.9341736287652889,1.1710324542912511,0.0970811986852609
-1.4307751021180481,0.9977924596909264,-1.723816374741601,5.93728343539146
0.12810441491078928,0.8957461306595129,-0.1029799160921856,1.8778589595150885
-0.6810516574748808,1.2127908125529778,0.24271317975579976,1.9046312786267632
0.8406435489887241,0.27106551971661275,0.5137058264583483,0.9989996533315451
-0.6526239793023909,0.7181855969024139,0.7545265172315023,1.197243646838313
-0.4461834332147797,0.11006579347833083,-0.9869104659091397,1.8621191491521725
-1.889540730945531,0.48533873749905965,-1.9600848933662025,2.5422291617938666
-0.4523063192490767,0.6687806086687532,0.8937746494196479,2.1214324469518577
-2.4238793266289567,1.0561974309192883,0.14262639739031435,1.069182496107621
-1.5839028234857233,3.006410131231943,1.344470812828995,0.7533469419141224
0.7604146561442974,0.9179197243331002,1.2855534516027771,0.7060670653847774
0.7858001586508322,1.360992826356592,1.3733046711515327,3.4859986171087294
0.42545756178496474,0.7057584888556773,-0.05962136008183938,3.204125919639244
-0.966976143129213,1.0054062247174016,-0.6654864166525374,2.378250311498466
-0.047711356141979855,0.07357357849613004,1.16623281036548,3.4688688623558024
-0.0036025390905684044,0.2935547238851391,-0.19482354788298029,1.5102337860325339
-1.1583646891925428,0.4491867607094905,-1.266231214386262,3.0164818460889795
1.5033983017671506,0.6395938165672087,1.4198960782458974,2.46704419040665
0.8773622905756714,0.046723484002341206,1.530239507089389,3.0729833771219646
-0.22096417382966393,0.1508509105379972,-0.13476097543931953,0.6396396725804216
0.02688583899453078,0.32408925410334116,-1.6972010907608501,2.0284028209862255
0.20838280794755248,3.558998899231591,-0.44869564033227505,1.2535147660720418
-2.0417348684242906,0.402490048644112,1.2141506378504134,0.1299627649471525
-0.24717738252059693,0.657859302628751,1.6070961141849147,3.8694943923988134
-0.6819842479977986,0.21827755044564298,-1.1861090300096166,3.2102798519555815
-1.0016200098949155,0.943610725139916,-1.732105551898914,2.161146372055746
-0.2811002928859549,0.3294534279114121,1.5094018125313546,0.7970088230792378
1.7976865268495226,0.23192269854925018,-0.44238024408449883,0.26259585447715716
0.6408428612670098,0.7268541893244206,0.16704385707025304,0.12712768940834562
-0.5711789897827968,0.0055210119373097725,1.8722632482030357,1.0497462422198705
0.5725827813561586,0.007693552270400301,-1.7337410883431086,2.736098690578059
